player_name,role_x,nationality_x,season,auction_price_cr,is_overseas,role_y,nationality_y,team,runs,batting_avg,strike_rate,fifties,hundreds,dot_ball_pct,boundary_pct,six_pct,career_avg,career_sr,career_runs,career_fifties,career_hundreds,seasons_played,wickets,bowling_avg,economy_rate,bowling_sr,bowl_dot_pct,death_economy,pp_wickets,career_wickets,career_economy,career_bowl_avg,sentiment_compound,sentiment_positive,sentiment_negative,sentiment_articles,team_enc,season_enc,runs_per_match,impact_score,milestone_score,consistency_score,powerplay_value,dot_ball_risk,bowling_impact,death_specialist,powerplay_bowler,wicket_taker_score,economy_score,is_allrounder,allrounder_score,dual_threat_bonus,experience_score,veteran_flag,young_prospect,peak_experience,overseas_premium,prev_price,price_trend,log_prev_price,target
Virat Kohli,Batter,Indian,2019,18.55,-0.7716901048850686,Batter,Indian,RCB,2.1666635793751925,2.014617091423881,-1.2146382709753853,1.430496472220887,0.0,-0.968307627062185,1.18567791637024,0.3784971786534896,1.2339800805409578,-0.8533414874879772,2.8139331181970437,2.5725542137922854,4.236389899586172,1.6687082045337533,-0.1335615225579974,-0.11011637516770331,0.04844956549804126,-0.10629953893967904,-0.05858932243041457,0.0706308078978602,-0.2106969915486166,-0.04232905947149176,0.20519954860304615,-0.13495686417356192,3.037496221561224,3.3659482823291023,-2.383259827825761,-0.9588247964492118,0.37554858757314175,-1.530551743384316,-0.0726257964215159,-0.2735502445185219,3.557352908098953,0.6947955607901944,1.0406903705626374,-0.968307627062185,-0.04674513848888246,-0.5719290198427753,-0.404888165089458,-0.0826844950008211,-0.048952239838218385,0.0,0.0,0.0,1.6687082045337533,0.5665070454620487,-0.24433888871261047,-1.2392393980641052,-0.7716901048850686,2.3873265691123313,3.763419376361232,1.6868399193990076,18.55
Virat Kohli,Batter,Indian,2020,14.73,-0.7716901048850686,Batter,Indian,RCB,1.8020841797142986,0.08516457361978244,-1.0035596021518327,1.430496472220887,0.0,-1.4094261411660707,0.5809311857370512,-0.9524590223966476,1.2339800805409578,-0.8533414874879772,2.8139331181970437,2.5725542137922854,4.236389899586172,1.6687082045337533,-0.1335615225579974,-0.11011637516770331,0.04844956549804126,-0.10629953893967904,-0.05858932243041457,0.0706308078978602,-0.2106969915486166,-0.04232905947149176,0.20519954860304615,-0.13495686417356192,3.037496221561224,3.3659482823291023,-2.383259827825761,-0.9588247964492118,0.37554858757314175,-0.9407597554316083,-0.15031473938146098,-0.8152913291150948,3.557352908098953,0.6947955607901944,-0.4729838333839028,-1.409426141166071,-0.04674513848888246,-0.5719290198427753,-0.404888165089458,-0.0826844950008211,-0.048952239838218385,0.0,0.0,0.0,1.6687082045337533,0.5665070454620487,-0.24433888871261047,-1.2392393980641052,-0.7716901048850686,2.3873265691123313,-1.1898134471823314,1.6868399193990076,14.73
Virat Kohli,Batter,Indian,2021,20.0,-0.7716901048850686,Batter,Indian,RCB,0.8169440997795426,1.7951532979295761,-1.3866282974242061,0.5642683312598381,0.0,-0.8161977946125691,0.5172736351440842,-1.4515675977904487,1.2339800805409578,-0.8533414874879772,2.8139331181970437,2.5725542137922854,4.236389899586172,1.6687082045337533,-0.1335615225579974,-0.11011637516770331,0.04844956549804126,-0.10629953893967904,-0.05858932243041457,0.0706308078978602,-0.2106969915486166,-0.04232905947149176,0.20519954860304615,-0.13495686417356192,3.037496221561224,3.3659482823291023,-2.383259827825761,-0.9588247964492118,0.37554858757314175,-0.3509677674789003,-0.3602401809966317,-0.4309531548526493,3.2339571891808667,0.6947955607901944,-0.9424144409369447,-0.8161977946125699,-0.04674513848888246,-0.5719290198427753,-0.404888165089458,-0.0826844950008211,-0.048952239838218385,0.0,0.0,0.0,1.6687082045337533,0.5665070454620487,-0.24433888871261047,-1.2392393980641052,-0.7716901048850686,1.5051956480050586,0.8229217502254016,1.2671128813635382,20.0
Virat Kohli,Batter,Indian,2022,15.0,-0.7716901048850686,Batter,Indian,RCB,2.259747681416272,1.6976138341543292,-0.3781413241561228,1.430496472220887,0.0,0.9939092115378589,1.2015923040184822,0.41546818423821547,1.2339800805409578,-0.8533414874879772,2.8139331181970437,2.5725542137922854,4.236389899586172,1.6687082045337533,-0.1335615225579974,-0.11011637516770331,0.04844956549804126,-0.10629953893967904,-0.05858932243041457,0.0706308078978602,-0.2106969915486166,-0.04232905947149176,0.20519954860304615,-0.13495686417356192,3.037496221561224,3.3659482823291023,-2.383259827825761,-0.9588247964492118,0.37554858757314175,0.2388242204738077,-0.05279032162323206,0.029284804651821105,3.557352908098953,0.6947955607901944,1.0822046419788933,0.9939092115378583,-0.04674513848888246,-0.5719290198427753,-0.404888165089458,-0.0826844950008211,-0.048952239838218385,0.0,0.0,0.0,1.6687082045337533,0.5665070454620487,-0.24433888871261047,-1.2392393980641052,-0.7716901048850686,2.722166840213259,-1.4510926037215088,1.8249701153269502,15.0
Virat Kohli,Batter,Indian,2023,15.0,-0.7716901048850686,Batter,Indian,RCB,2.01928041781015,-0.036759756099276016,-1.0895546153762437,1.430496472220887,0.0,1.4350277256417456,1.8699965852446379,-0.41637944141812017,1.2339800805409578,-0.8533414874879772,2.8139331181970437,2.5725542137922854,4.236389899586172,1.6687082045337533,-0.1335615225579974,-0.11011637516770331,0.04844956549804126,-0.10629953893967904,-0.05858932243041457,0.0706308078978602,-0.2106969915486166,-0.04232905947149176,0.20519954860304615,-0.13495686417356192,3.037496221561224,3.3659482823291023,-2.383259827825761,-0.9588247964492118,0.37554858757314175,0.8286162084265156,-0.104031964852132,-0.8980679405367629,3.557352908098953,0.6947955607901944,0.7660574981166418,1.4350277256417454,-0.04674513848888246,-0.5719290198427753,-0.404888165089458,-0.0826844950008211,-0.048952239838218385,0.0,0.0,0.0,1.6687082045337533,0.5665070454620487,-0.24433888871261047,-1.2392393980641052,-0.7716901048850686,1.5675452157273002,-0.34397753364024763,1.299970073804072,15.0
Virat Kohli,Batter,Indian,2024,15.0,-0.7716901048850686,Batter,Indian,RCB,0.5842338446768444,0.9584475852325378,-1.2302737279252782,0.5642683312598381,0.0,-0.48155616322341394,0.07167078099331446,-1.0264010335660998,1.2339800805409578,-0.8533414874879772,2.8139331181970437,2.5725542137922854,4.236389899586172,1.6687082045337533,-0.1335615225579974,-0.11011637516770331,0.04844956549804126,-0.10629953893967904,-0.05858932243041457,0.0706308078978602,-0.2106969915486166,-0.04232905947149176,0.20519954860304615,-0.13495686417356192,3.037496221561224,3.3659482823291023,-2.383259827825761,-0.9588247964492118,0.37554858757314175,1.4184081963792237,-0.4098288679923413,-0.6342015730510796,3.2339571891808667,0.6947955607901944,-0.8434188706366428,-0.481556163223414,-0.04674513848888246,-0.5719290198427753,-0.404888165089458,-0.0826844950008211,-0.048952239838218385,0.0,0.0,0.0,1.6687082045337533,0.5665070454620487,-0.24433888871261047,-1.2392393980641052,-0.7716901048850686,1.5675452157273002,-0.34397753364024763,1.299970073804072,15.0
Rohit Sharma,Batter,Indian,2019,19.01,-0.7716901048850686,Batter,Indian,MI,1.507317856584214,-0.2440311166216751,-0.06543218515826726,1.430496472220887,0.0,0.7961664293533588,0.8355613881089201,1.6539968713265372,-0.0969953731891917,-0.7979790700244517,2.1578133422299173,1.940542624936741,0.1579670810015183,1.6687082045337533,-0.1335615225579974,-0.11011637516770331,0.04844956549804126,-0.10629953893967904,-0.05858932243041457,0.0706308078978602,-0.2106969915486166,-0.04232905947149176,0.20519954860304615,-0.13495686417356192,-0.6818310445959398,-0.48654174132893674,0.7156925342603466,-2.4550129403589716,-0.19941528774099446,-1.530551743384316,-0.21312707624269314,-0.4439427154142035,0.6467914378361733,-0.3798513013337191,1.9316505032653477,0.7961664293533584,-0.04674513848888246,-0.5719290198427753,-0.404888165089458,-0.0826844950008211,-0.048952239838218385,0.0,0.0,0.0,1.6687082045337533,0.5665070454620487,-0.24433888871261047,-1.2392393980641052,-0.7716901048850686,2.4935517585650397,3.865273962808708,1.7317400288989144,19.01
Rohit Sharma,Batter,Indian,2020,11.97,-0.7716901048850686,Batter,Indian,MI,0.16535538549198758,-0.25165138722911634,-0.22960448313214096,0.5642683312598381,0.0,-0.6945099286528764,-0.16704503373031246,0.5448667037847564,-0.0969953731891917,-0.7979790700244517,2.1578133422299173,1.940542624936741,0.1579670810015183,1.6687082045337533,-0.1335615225579974,-0.11011637516770331,0.04844956549804126,-0.10629953893967904,-0.05858932243041457,0.0706308078978602,-0.2106969915486166,-0.04232905947149176,0.20519954860304615,-0.13495686417356192,-0.6818310445959398,-0.48654174132893674,0.7156925342603466,-2.4550129403589716,-0.19941528774099446,-0.9407597554316083,-0.4990885045846186,-0.5267193268358686,0.32339571891808666,-0.3798513013337191,0.37007521691543527,-0.6945099286528772,-0.04674513848888246,-0.5719290198427753,-0.404888165089458,-0.0826844950008211,-0.048952239838218385,0.0,0.0,0.0,1.6687082045337533,0.5665070454620487,-0.24433888871261047,-1.2392393980641052,-0.7716901048850686,2.4935517585650397,-1.9027955523146636,1.7317400288989144,11.97
Rohit Sharma,Batter,Indian,2021,12.17,-0.7716901048850686,Batter,Indian,MI,0.514420768146035,0.5469529724307155,-0.9097468604524758,0.5642683312598381,0.0,0.6744785633936665,1.7426814840587017,2.042192429966161,-0.0969953731891917,-0.7979790700244517,2.1578133422299173,1.940542624936741,0.1579670810015183,1.6687082045337533,-0.1335615225579974,-0.11011637516770331,0.04844956549804126,-0.10629953893967904,-0.05858932243041457,0.0706308078978602,-0.2106969915486166,-0.04232905947149176,0.20519954860304615,-0.13495686417356192,-0.6818310445959398,-0.48654174132893674,0.7156925342603466,-2.4550129403589716,-0.19941528774099446,-0.3509677674789003,-0.4247054740910542,-0.5921765241754643,0.32339571891808666,-0.3798513013337191,2.8130304194873834,0.6744785633936664,-0.04674513848888246,-0.5719290198427753,-0.404888165089458,-0.0826844950008211,-0.048952239838218385,0.0,0.0,0.0,1.6687082045337533,0.5665070454620487,-0.24433888871261047,-1.2392393980641052,-0.7716901048850686,0.8678445112888091,-0.29969293083699733,0.8946374228851488,12.17
Rohit Sharma,Batter,Indian,2022,16.0,-0.7716901048850686,Batter,Indian,MI,0.6462899127042306,0.20251674097437602,-0.18269811228246308,0.5642683312598381,0.0,1.6479814910712076,1.5357944446315588,-1.617937122921716,-0.0969953731891917,-0.7979790700244517,2.1578133422299173,1.940542624936741,0.1579670810015183,1.6687082045337533,-0.1335615225579974,-0.11011637516770331,0.04844956549804126,-0.10629953893967904,-0.05858932243041457,0.0706308078978602,-0.2106969915486166,-0.04232905947149176,0.20519954860304615,-0.13495686417356192,-0.6818310445959398,-0.48654174132893674,0.7156925342603466,-2.4550129403589716,-0.19941528774099446,0.2388242204738077,-0.39660521812681876,-0.35199700241967324,0.32339571891808666,-0.3798513013337191,-0.4729838333839028,1.6479814910712067,-0.04674513848888246,-0.5719290198427753,-0.404888165089458,-0.0826844950008211,-0.048952239838218385,0.0,0.0,0.0,1.6687082045337533,0.5665070454620487,-0.24433888871261047,-1.2392393980641052,-0.7716901048850686,0.9140293762682473,0.5040726100419984,0.9241807337254603,16.0
Rohit Sharma,Batter,Indian,2023,16.0,-0.7716901048850686,Batter,Indian,MI,1.336663669508902,-0.9115668218335193,-0.12015628448289109,1.430496472220887,0.0,0.6744785633936665,-1.9812852256298767,-0.5088069553799353,-0.0969953731891917,-0.7979790700244517,2.1578133422299173,1.940542624936741,0.1579670810015183,1.6687082045337533,-0.1335615225579974,-0.11011637516770331,0.04844956549804126,-0.10629953893967904,-0.05858932243041457,0.0706308078978602,-0.2106969915486166,-0.04232905947149176,0.20519954860304615,-0.13495686417356192,-0.6818310445959398,-0.48654174132893674,0.7156925342603466,-2.4550129403589716,-0.19941528774099446,0.8286162084265156,-0.24949211337288021,-0.6938007332746802,0.6467914378361733,-0.3798513013337191,-1.6321900275454937,0.6744785633936664,-0.04674513848888246,-0.5719290198427753,-0.404888165089458,-0.0826844950008211,-0.048952239838218385,0.0,0.0,0.0,1.6687082045337533,0.5665070454620487,-0.24433888871261047,-1.2392393980641052,-0.7716901048850686,1.798469540624492,-0.34397753364024763,1.4170130411107567,16.0
Rohit Sharma,Batter,Indian,2024,16.0,-0.7716901048850686,Batter,Indian,MI,1.220308541957553,-0.5000722090316976,-0.7455745624786021,1.430496472220887,0.0,-1.1812613924916469,-1.806226961499218,0.10121463676804436,-0.0969953731891917,-0.7979790700244517,2.1578133422299173,1.940542624936741,0.1579670810015183,1.6687082045337533,-0.1335615225579974,-0.11011637516770331,0.04844956549804126,-0.10629953893967904,-0.05858932243041457,0.0706308078978602,-0.2106969915486166,-0.04232905947149176,0.20519954860304615,-0.13495686417356192,-0.6818310445959398,-0.48654174132893674,0.7156925342603466,-2.4550129403589716,-0.19941528774099446,1.4184081963792237,-0.274286456870735,-0.8619009287771413,0.6467914378361733,-0.3798513013337191,-0.9998957398209904,-1.1812613924916473,-0.04674513848888246,-0.5719290198427753,-0.404888165089458,-0.0826844950008211,-0.048952239838218385,0.0,0.0,0.0,1.6687082045337533,0.5665070454620487,-0.24433888871261047,-1.2392393980641052,-0.7716901048850686,1.798469540624492,-0.34397753364024763,1.4170130411107567,16.0
David Warner,Batter,Overseas,2019,16.11,1.295856968580587,Batter,Overseas,SRH,1.8331122137279916,2.7492111779812074,0.036198285016036655,2.2967246131819357,0.0,0.020406283860317856,0.3103865957169414,1.6355113685341747,1.932395585558211,0.060138400660204615,2.273819310224105,3.2835672512547727,2.197178490293845,1.1270931987193695,-0.1335615225579974,-0.11011637516770331,0.04844956549804126,-0.10629953893967904,-0.05858932243041457,0.0706308078978602,-0.2106969915486166,-0.04232905947149176,0.20519954860304615,-0.13495686417356192,-0.10815201130450994,0.3909121858923681,1.2711651274644615,2.4075985273477474,0.950512462887278,-1.530551743384316,-0.019967333564167068,0.9614767978927506,2.42546789188565,1.7167477332138348,1.5995363319353064,0.02040628386031782,-0.04674513848888246,-0.5719290198427753,-0.404888165089458,-0.0826844950008211,-0.048952239838218385,0.0,0.0,0.0,1.1270931987193695,0.5665070454620487,-0.24433888871261047,-1.2392393980641052,1.295856968580587,1.823871216363183,3.223147222161576,1.4294650306771468,16.11
David Warner,Batter,Overseas,2020,12.19,1.295856968580587,Batter,Overseas,SRH,0.824701108282966,1.7768646484717165,-0.79248093332828,1.430496472220887,0.0,-1.4702700741459167,1.2015923040184822,-0.19455340790976414,1.932395585558211,0.060138400660204615,2.273819310224105,3.2835672512547727,2.197178490293845,1.1270931987193695,-0.1335615225579974,-0.11011637516770331,0.04844956549804126,-0.10629953893967904,-0.05858932243041457,0.0706308078978602,-0.2106969915486166,-0.04232905947149176,0.20519954860304615,-0.13495686417356192,-0.10815201130450994,0.3909121858923681,1.2711651274644615,2.4075985273477474,0.950512462887278,-0.9407597554316083,-0.26554940249530046,0.23151443378660194,2.102072172967563,1.7167477332138348,0.5552927355418069,-1.4702700741459171,-0.04674513848888246,-0.5719290198427753,-0.404888165089458,-0.0826844950008211,-0.048952239838218385,0.0,0.0,0.0,1.1270931987193695,0.5665070454620487,-0.24433888871261047,-1.2392393980641052,1.295856968580587,1.823871216363183,-1.2119557485839565,1.4294650306771468,12.19
David Warner,Batter,Overseas,2021,20.0,1.295856968580587,Batter,Overseas,SRH,2.2752616984231184,2.5221271138794608,-0.6204909068794603,3.1629527541429843,0.0,-1.7897007222901102,0.5013592474958423,-0.4903214525875719,1.932395585558211,0.060138400660204615,2.273819310224105,3.2835672512547727,2.197178490293845,1.1270931987193695,-0.1335615225579974,-0.11011637516770331,0.04844956549804126,-0.10629953893967904,-0.05858932243041457,0.0706308078978602,-0.2106969915486166,-0.04232905947149176,0.20519954860304615,-0.13495686417356192,-0.10815201130450994,0.3909121858923681,1.2711651274644615,2.4075985273477474,0.950512462887278,-0.3509677674789003,0.0877109581979452,0.5646584576005729,2.7488636108037365,1.7167477332138348,-0.12170922909251222,-1.7897007222901107,-0.04674513848888246,-0.5719290198427753,-0.404888165089458,-0.0826844950008211,-0.048952239838218385,0.0,0.0,0.0,1.1270931987193695,0.5665070454620487,-0.24433888871261047,-1.2392393980641052,1.295856968580587,0.9186478627661911,1.3853362058266825,0.9271103514190941,20.0
David Warner,Batter,Overseas,2022,6.25,1.295856968580587,Batter,Overseas,SRH,2.236476655906002,2.4794535984777903,0.41144925181346415,3.1629527541429843,0.0,1.054753144517706,0.9947052645913381,-0.3239519274563051,1.932395585558211,0.060138400660204615,2.273819310224105,3.2835672512547727,2.197178490293845,1.1270931987193695,-0.1335615225579974,-0.11011637516770331,0.04844956549804126,-0.10629953893967904,-0.05858932243041457,0.0706308078978602,-0.2106969915486166,-0.04232905947149176,0.20519954860304615,-0.13495686417356192,-0.10815201130450994,0.3909121858923681,1.2711651274644615,2.4075985273477474,0.950512462887278,0.2388242204738077,0.0782654940082863,1.0546959972168435,2.7488636108037365,1.7167477332138348,0.3189807290185067,1.0547531445177054,-0.04674513848888246,-0.5719290198427753,-0.404888165089458,-0.0826844950008211,-0.048952239838218385,0.0,0.0,0.0,1.1270931987193695,0.5665070454620487,-0.24433888871261047,-1.2392393980641052,1.295856968580587,2.722166840213259,-3.388543976363716,1.8249701153269502,6.25
David Warner,Batter,Overseas,2023,6.25,1.295856968580587,Batter,Overseas,SRH,2.0037664008033036,0.4966591864216042,-0.5266781651801024,3.1629527541429843,0.0,1.4958716586215917,-1.5993399220720739,1.4136853350258178,1.932395585558211,0.060138400660204615,2.273819310224105,3.2835672512547727,2.197178490293845,1.1270931987193695,-0.1335615225579974,-0.11011637516770331,0.04844956549804126,-0.10629953893967904,-0.05858932243041457,0.0706308078978602,-0.2106969915486166,-0.04232905947149176,0.20519954860304615,-0.13495686417356192,-0.10815201130450994,0.3909121858923681,1.2711651274644615,2.4075985273477474,0.950512462887278,0.8286162084265156,0.021592708870332367,-0.06648136733139966,2.7488636108037365,1.7167477332138348,0.2583060246409024,1.4958716586215917,-0.04674513848888246,-0.5719290198427753,-0.404888165089458,-0.0826844950008211,-0.048952239838218385,0.0,0.0,0.0,1.1270931987193695,0.5665070454620487,-0.24433888871261047,-1.2392393980641052,1.295856968580587,-0.45304262712312804,-0.34397753364024763,-0.22828228045359383,6.25
David Warner,Batter,Overseas,2024,0.0,1.295856968580587,Batter,Overseas,SRH,1.134981448419897,2.8818038865506828,-0.24523994008203284,2.2967246131819357,0.0,-0.9835186103071463,-0.7717917643635013,0.6188087149542089,1.932395585558211,0.060138400660204615,2.273819310224105,3.2835672512547727,2.197178490293845,1.1270931987193695,-0.1335615225579974,-0.11011637516770331,0.04844956549804126,-0.10629953893967904,-0.05858932243041457,0.0706308078978602,-0.2106969915486166,-0.04232905947149176,0.20519954860304615,-0.13495686417356192,-0.10815201130450994,0.3909121858923681,1.2711651274644615,2.4075985273477474,0.950512462887278,1.4184081963792237,-0.18998568897802867,0.8682575985686579,2.42546789188565,1.7167477332138348,0.06989510052097438,-0.9835186103071466,-0.04674513848888246,-0.5719290198427753,-0.404888165089458,-0.0826844950008211,-0.048952239838218385,0.0,0.0,0.0,1.1270931987193695,0.5665070454620487,-0.24433888871261047,-1.2392393980641052,1.295856968580587,-0.45304262712312804,-1.727871371241824,-0.22828228045359383,0.0
Shubman Gill,Batter,Indian,2019,5.82,-0.7716901048850686,Batter,Indian,GT,3.3224578463852605,0.565241621888575,-0.8550227611278519,3.1629527541429843,0.0,-0.8770417275924153,-0.007901157247894515,-0.6382054749264762,1.1577262785043352,-0.5396211218613286,0.12084833433197344,0.3605136527978808,1.5174413538630693,-1.3101743274453581,-0.1335615225579974,-0.11011637516770331,0.04844956549804126,-0.10629953893967904,-0.05858932243041457,0.0706308078978602,-0.2106969915486166,-0.04232905947149176,0.20519954860304615,-0.13495686417356192,-0.7078975722070038,-1.467836369996551,-1.1358827764200314,0.5373633474605477,-1.0618611007121987,-1.530551743384316,2.7774013408452345,-0.45234772518932514,2.2637700324266063,0.7692624522740446,-0.556012376216414,-0.8770417275924155,-0.04674513848888246,-0.5719290198427753,-0.404888165089458,-0.0826844950008211,-0.048952239838218385,0.0,0.0,0.0,-1.3101743274453581,-1.7652031126716006,-0.24433888871261047,0.8069465847859291,-0.7716901048850686,-0.5523400868289204,0.9447044079343404,-0.3463241014634982,5.82
Shubman Gill,Batter,Indian,2020,6.09,-0.7716901048850686,Batter,Indian,GT,2.5079719535258165,0.05315943706852949,-0.4875895228053704,2.2967246131819357,0.0,1.754458373785938,0.6923318992747443,1.4506563406105444,1.1577262785043352,-0.5396211218613286,0.12084833433197344,0.3605136527978808,1.5174413538630693,-1.3101743274453581,-0.1335615225579974,-0.11011637516770331,0.04844956549804126,-0.10629953893967904,-0.05858932243041457,0.0706308078978602,-0.2106969915486166,-0.04232905947149176,0.20519954860304615,-0.13495686417356192,-0.7078975722070038,-1.467836369996551,-1.1358827764200314,0.5373633474605477,-1.0618611007121987,-0.9407597554316083,2.222008046493287,-0.44394271541420066,1.9403743135085199,0.7692624522740446,1.6697912527935843,1.7544583737859372,-0.04674513848888246,-0.5719290198427753,-0.404888165089458,-0.0826844950008211,-0.048952239838218385,0.0,0.0,0.0,-1.3101743274453581,-1.7652031126716006,-0.24433888871261047,0.8069465847859291,-0.7716901048850686,-0.5523400868289204,-0.2841933198558596,-0.3463241014634982,6.09
Shubman Gill,Batter,Indian,2021,5.3,-0.7716901048850686,Batter,Indian,GT,2.461429902505277,0.8868170415225912,-0.04197899973342722,2.2967246131819357,0.0,1.7392473905409773,-0.7877061520117422,-1.1557995531126406,1.1577262785043352,-0.5396211218613286,0.12084833433197344,0.3605136527978808,1.5174413538630693,-1.3101743274453581,-0.1335615225579974,-0.11011637516770331,0.04844956549804126,-0.10629953893967904,-0.05858932243041457,0.0706308078978602,-0.2106969915486166,-0.04232905947149176,0.20519954860304615,-0.13495686417356192,-0.7078975722070038,-1.467836369996551,-1.1358827764200314,0.5373633474605477,-1.0618611007121987,-0.3509677674789003,2.190271286816033,0.052462255849889894,1.9403743135085199,0.7692624522740446,-1.4725197528675886,1.7392473905409773,-0.04674513848888246,-0.5719290198427753,-0.404888165089458,-0.0826844950008211,-0.048952239838218385,0.0,0.0,0.0,-1.3101743274453581,-1.7652031126716006,-0.24433888871261047,0.8069465847859291,-0.7716901048850686,-0.4899905191066788,-0.5189017147130869,-0.27136619255743133,5.3
Shubman Gill,Batter,Indian,2022,8.0,-0.7716901048850686,Batter,Indian,GT,2.0037664008033036,1.3943270639781713,0.26291241078948235,2.2967246131819357,0.0,0.5832126639238968,0.008013230400347505,0.2675841618993112,1.1577262785043352,-0.5396211218613286,0.12084833433197344,0.3605136527978808,1.5174413538630693,-1.3101743274453581,-0.1335615225579974,-0.11011637516770331,0.04844956549804126,-0.10629953893967904,-0.05858932243041457,0.0706308078978602,-0.2106969915486166,-0.04232905947149176,0.20519954860304615,-0.13495686417356192,-0.7078975722070038,-1.467836369996551,-1.1358827764200314,0.5373633474605477,-1.0618611007121987,0.2388242204738077,1.8781931499897004,0.3710885355068309,1.9403743135085199,0.7692624522740446,0.2359521861859967,0.583212663923896,-0.04674513848888246,-0.5719290198427753,-0.404888165089458,-0.0826844950008211,-0.048952239838218385,0.0,0.0,0.0,-1.3101743274453581,-1.7652031126716006,-0.24433888871261047,0.8069465847859291,-0.7716901048850686,-0.6724207357754604,0.2538646042036335,-0.4994410785529628,8.0
Shubman Gill,Batter,Indian,2023,8.0,-0.7716901048850686,Batter,Indian,GT,2.608813064070319,0.05620754531150588,-0.2999640394066589,2.2967246131819357,0.0,0.46152479796420354,-1.8539701244439428,0.027272625598591907,1.1577262785043352,-0.5396211218613286,0.12084833433197344,0.3605136527978808,1.5174413538630693,-1.3101743274453581,-0.1335615225579974,-0.11011637516770331,0.04844956549804126,-0.10629953893967904,-0.05858932243041457,0.0706308078978602,-0.2106969915486166,-0.04232905947149176,0.20519954860304615,-0.13495686417356192,-0.7078975722070038,-1.467836369996551,-1.1358827764200314,0.5373633474605477,-1.0618611007121987,0.8286162084265156,2.290771025794004,-0.3512329106219354,1.9403743135085199,0.7692624522740446,-1.092504499134175,0.46152479796420326,-0.04674513848888246,-0.5719290198427753,-0.404888165089458,-0.0826844950008211,-0.048952239838218385,0.0,0.0,0.0,-1.3101743274453581,-1.7652031126716006,-0.24433888871261047,0.8069465847859291,-0.7716901048850686,-0.04892505855304242,-0.34397753364024763,0.18916187766733408,8.0
Shubman Gill,Batter,Indian,2024,8.0,-0.7716901048850686,Batter,Indian,GT,1.6314299926389866,0.9874046135408139,0.13782875519034057,1.430496472220887,0.0,0.7961664293533588,-0.7877061520117422,-0.8785170112271955,1.1577262785043352,-0.5396211218613286,0.12084833433197344,0.3605136527978808,1.5174413538630693,-1.3101743274453581,-0.1335615225579974,-0.11011637516770331,0.04844956549804126,-0.10629953893967904,-0.05858932243041457,0.0706308078978602,-0.2106969915486166,-0.04232905947149176,0.20519954860304615,-0.13495686417356192,-0.7078975722070038,-1.467836369996551,-1.1358827764200314,0.5373633474605477,-1.0618611007121987,1.4184081963792237,1.624299072571667,0.1739528516903074,1.6169785945904334,0.7692624522740446,-1.2330143408507308,0.7961664293533584,-0.04674513848888246,-0.5719290198427753,-0.404888165089458,-0.0826844950008211,-0.048952239838218385,0.0,0.0,0.0,-1.3101743274453581,-1.7652031126716006,-0.24433888871261047,0.8069465847859291,-0.7716901048850686,-0.04892505855304242,-0.34397753364024763,0.18916187766733408,8.0
KL Rahul,WK-Batter,Indian,2019,10.16,-0.7716901048850686,WK-Batter,Indian,LSG,0.47563572562891854,2.694345229607631,-0.19833356923235496,1.430496472220887,0.0,1.2068629769673218,-0.1988738090267965,-0.04666938557085989,2.9756862406956452,-0.40121507820251323,1.2048180782776643,1.861541176329798,1.5174413538630693,0.3146706899977936,-0.1335615225579974,-0.11011637516770331,0.04844956549804126,-0.10629953893967904,-0.05858932243041457,0.0706308078978602,-0.2106969915486166,-0.04232905947149176,0.20519954860304615,-0.13495686417356192,-1.8297007475678586,-3.0384269793719647,-0.836219930086234,-1.7069188684040917,-0.48689722539806257,-1.530551743384316,-0.17075128917363222,0.6375018756516421,1.6169785945904334,2.380497435041311,-0.16003009501520865,1.2068629769673214,-0.04674513848888246,-0.5719290198427753,-0.404888165089458,-0.0826844950008211,-0.048952239838218385,0.0,0.0,0.0,0.3146706899977936,0.5665070454620487,-0.24433888871261047,-1.2392393980641052,-0.7716901048850686,0.4498714832248919,1.9056802887648752,0.6044597123991711,10.16
KL Rahul,WK-Batter,Indian,2020,11.03,-0.7716901048850686,WK-Batter,Indian,LSG,1.5461028991013304,3.0372574069424827,-0.6361263638293522,2.2967246131819357,0.0,1.054753144517706,-0.6603910508258083,0.5818377093694823,2.9756862406956452,-0.40121507820251323,1.2048180782776643,1.861541176329798,1.5174413538630693,0.3146706899977936,-0.1335615225579974,-0.11011637516770331,0.04844956549804126,-0.10629953893967904,-0.05858932243041457,0.0706308078978602,-0.2106969915486166,-0.04232905947149176,0.20519954860304615,-0.13495686417356192,-1.8297007475678586,-3.0384269793719647,-0.836219930086234,-1.7069188684040917,-0.48689722539806257,-0.9407597554316083,0.1610421074522067,0.538169941945641,1.9403743135085199,2.380497435041311,0.10502256095011332,1.0547531445177054,-0.04674513848888246,-0.5719290198427753,-0.404888165089458,-0.0826844950008211,-0.048952239838218385,0.0,0.0,0.0,0.3146706899977936,0.5665070454620487,-0.24433888871261047,-1.2392393980641052,-0.7716901048850686,0.4498714832248919,-0.15133951144610833,0.6044597123991711,11.03
KL Rahul,WK-Batter,Indian,2021,8.99,-0.7716901048850686,WK-Batter,Indian,LSG,1.6004019586252933,2.2660860214694383,-0.6908504631539782,2.2967246131819357,0.0,1.5262936251115142,0.5491024104405683,1.2103448043098253,2.9756862406956452,-0.40121507820251323,1.2048180782776643,1.861541176329798,1.5174413538630693,0.3146706899977936,-0.1335615225579974,-0.11011637516770331,0.04844956549804126,-0.10629953893967904,-0.05858932243041457,0.0706308078978602,-0.2106969915486166,-0.04232905947149176,0.20519954860304615,-0.13495686417356192,-1.8297007475678586,-3.0384269793719647,-0.836219930086234,-1.7069188684040917,-0.48689722539806257,-0.3509677674789003,0.17787220728105352,0.25367309592101844,1.9403743135085199,2.380497435041311,1.3759979473862394,1.526293625111514,-0.04674513848888246,-0.5719290198427753,-0.404888165089458,-0.0826844950008211,-0.048952239838218385,0.0,0.0,0.0,0.3146706899977936,0.5665070454620487,-0.24433888871261047,-1.2392393980641052,-0.7716901048850686,0.6507756458854486,-0.7956804822334019,0.7493864968160131,8.99
KL Rahul,WK-Batter,Indian,2022,17.0,-0.7716901048850686,WK-Batter,Indian,LSG,0.545448802159728,1.2434457059508364,0.09874011281560864,1.430496472220887,0.0,-1.0139405767970693,0.7878182251641952,-1.5809661173369902,2.9756862406956452,-0.40121507820251323,1.2048180782776643,1.861541176329798,1.5174413538630693,0.3146706899977936,-0.1335615225579974,-0.11011637516770331,0.04844956549804126,-0.10629953893967904,-0.05858932243041457,0.0706308078978602,-0.2106969915486166,-0.04232905947149176,0.20519954860304615,-0.13495686417356192,-1.8297007475678586,-3.0384269793719647,-0.836219930086234,-1.7069188684040917,-0.48689722539806257,0.2388242204738077,-0.14911258939368616,0.2977357229239369,1.6169785945904334,2.380497435041311,-0.8913199530400139,-1.0139405767970697,-0.04674513848888246,-0.5719290198427753,-0.404888165089458,-0.0826844950008211,-0.048952239838218385,0.0,0.0,0.0,0.3146706899977936,0.5665070454620487,-0.24433888871261047,-1.2392393980641052,-0.7716901048850686,0.1796900230951775,1.4296208086299327,0.3906411693436594,17.0
KL Rahul,WK-Batter,Indian,2023,17.0,-0.7716901048850686,WK-Batter,Indian,LSG,1.5150748650876373,3.9425455551064905,-0.09670309905805104,2.2967246131819357,0.0,0.9330652785580128,-1.408367270293173,1.0439752791785577,2.9756862406956452,-0.40121507820251323,1.2048180782776643,1.861541176329798,1.5174413538630693,0.3146706899977936,-0.1335615225579974,-0.11011637516770331,0.04844956549804126,-0.10629953893967904,-0.05858932243041457,0.0706308078978602,-0.2106969915486166,-0.04232905947149176,0.20519954860304615,-0.13495686417356192,-1.8297007475678586,-3.0384269793719647,-0.836219930086234,-1.7069188684040917,-0.48689722539806257,0.8286162084265156,0.1514249075500084,1.104361964069844,1.9403743135085199,2.380497435041311,0.05392807305318364,0.9330652785580127,-0.04674513848888246,-0.5719290198427753,-0.404888165089458,-0.0826844950008211,-0.048952239838218385,0.0,0.0,0.0,0.3146706899977936,0.5665070454620487,-0.24433888871261047,-1.2392393980641052,-0.7716901048850686,2.029393865521684,-0.34397753364024763,1.5273640859820568,17.0
KL Rahul,WK-Batter,Indian,2024,17.0,-0.7716901048850686,WK-Batter,Indian,LSG,1.59264495012187,3.1896628190913057,-0.26087539703192697,2.2967246131819357,0.0,-1.6223799065955327,1.6153663828727678,-0.23152441349449002,2.9756862406956452,-0.40121507820251323,1.2048180782776643,1.861541176329798,1.5174413538630693,0.3146706899977936,-0.1335615225579974,-0.11011637516770331,0.04844956549804126,-0.10629953893967904,-0.05858932243041457,0.0706308078978602,-0.2106969915486166,-0.04232905947149176,0.20519954860304615,-0.13495686417356192,-1.8297007475678586,-3.0384269793719647,-0.836219930086234,-1.7069188684040917,-0.48689722539806257,1.4184081963792237,0.17546790730550407,0.7724914265854371,1.9403743135085199,2.380497435041311,0.7724443091037567,-1.6223799065955329,-0.04674513848888246,-0.5719290198427753,-0.404888165089458,-0.0826844950008211,-0.048952239838218385,0.0,0.0,0.0,0.3146706899977936,0.5665070454620487,-0.24433888871261047,-1.2392393980641052,-0.7716901048850686,2.029393865521684,-0.34397753364024763,1.5273640859820568,17.0
Faf du Plessis,Batter,Overseas,2019,10.71,1.295856968580587,Batter,Overseas,RCB,0.44460769161522545,1.7082822130047468,-0.02634354278353533,0.5642683312598381,0.0,0.7049005298835891,-0.5012471743433904,-0.23152441349449002,0.8752406027777534,-0.5765294001703466,0.8829950702937883,0.8345223444395389,0.8377042174322938,0.5854781929049856,-0.1335615225579974,-0.11011637516770331,0.04844956549804126,-0.10629953893967904,-0.05858932243041457,0.0706308078978602,-0.2106969915486166,-0.04232905947149176,0.20519954860304615,-0.13495686417356192,0.2253579765598326,0.4561834839443331,0.07529806590472743,-2.8290599763364113,0.37554858757314175,-1.530551743384316,-0.24949211337288021,0.3193849905265244,0.8084892972952167,0.5155595368460797,-0.5017244828259257,0.7049005298835888,-0.04674513848888246,-0.5719290198427753,-0.404888165089458,-0.0826844950008211,-0.048952239838218385,0.0,0.0,0.0,0.5854781929049856,0.5665070454620487,-0.24433888871261047,-1.2392393980641052,1.295856968580587,0.5768798619183475,2.027462946473814,0.6973363635980606,10.71
Faf du Plessis,Batter,Overseas,2020,9.01,1.295856968580587,Batter,Overseas,RCB,0.6462899127042306,1.0712275902226671,0.0440160134909826,0.5642683312598381,0.0,-0.16212551507922102,1.7108527087622187,-1.3776255866209968,0.8752406027777534,-0.5765294001703466,0.8829950702937883,0.8345223444395389,0.8377042174322938,0.5854781929049856,-0.1335615225579974,-0.11011637516770331,0.04844956549804126,-0.10629953893967904,-0.05858932243041457,0.0706308078978602,-0.2106969915486166,-0.04232905947149176,0.20519954860304615,-0.13495686417356192,0.2253579765598326,0.4561834839443331,0.07529806590472743,-2.8290599763364113,0.37554858757314175,-0.9407597554316083,-0.1921896306222824,0.1408422071216385,0.8084892972952167,0.5155595368460797,-0.16003009501520865,-0.16212551507922132,-0.04674513848888246,-0.5719290198427753,-0.404888165089458,-0.0826844950008211,-0.048952239838218385,0.0,0.0,0.0,0.5854781929049856,0.5665070454620487,-0.24433888871261047,-1.2392393980641052,1.295856968580587,0.5768798619183475,-0.7203966574678766,0.6973363635980606,9.01
Faf du Plessis,Batter,Overseas,2021,10.04,1.295856968580587,Batter,Overseas,RCB,-0.2380090566860227,-0.026091377248858363,-0.81593411875312,-0.3019598097012108,0.0,-1.6832238395753791,-0.4057608484539394,-1.2297415642820928,0.8752406027777534,-0.5765294001703466,0.8829950702937883,0.8345223444395389,0.8377042174322938,0.5854781929049856,-0.1335615225579974,-0.11011637516770331,0.04844956549804126,-0.10629953893967904,-0.05858932243041457,0.0706308078978602,-0.2106969915486166,-0.04232905947149176,0.20519954860304615,-0.13495686417356192,0.2253579765598326,0.4561834839443331,0.07529806590472743,-2.8290599763364113,0.37554858757314175,-0.3509677674789003,-0.4434389780672111,-0.6461723445489829,0.48509357837712996,0.5155595368460797,-1.3064626672025674,-1.6832238395753796,-0.04674513848888246,-0.5719290198427753,-0.404888165089458,-0.0826844950008211,-0.048952239838218385,0.0,0.0,0.0,0.5854781929049856,0.5665070454620487,-0.24433888871261047,-1.2392393980641052,1.295856968580587,0.18430850959312126,-0.11591182920350794,0.394502406010023,10.04
Faf du Plessis,Batter,Overseas,2022,7.0,1.295856968580587,Batter,Overseas,RCB,0.5609628191665745,1.0681794819796901,-0.4406831519556925,0.5642683312598381,0.0,-0.8770417275924153,-1.5675111467755911,1.506112848987633,0.8752406027777534,-0.5765294001703466,0.8829950702937883,0.8345223444395389,0.8377042174322938,0.5854781929049856,-0.1335615225579974,-0.11011637516770331,0.04844956549804126,-0.10629953893967904,-0.05858932243041457,0.0706308078978602,-0.2106969915486166,-0.04232905947149176,0.20519954860304615,-0.13495686417356192,0.2253579765598326,0.4561834839443331,0.07529806590472743,-2.8290599763364113,0.37554858757314175,0.2388242204738077,-0.2164329887090738,-0.09704503924093635,0.8084892972952167,0.5155595368460797,0.35730159494120317,-0.8770417275924155,-0.04674513848888246,-0.5719290198427753,-0.404888165089458,-0.0826844950008211,-0.048952239838218385,0.0,0.0,0.0,0.5854781929049856,0.5665070454620487,-0.24433888871261047,-1.2392393980641052,1.295856968580587,0.42216056423722864,-1.0171034962496543,0.5835879665271331,7.0
Faf du Plessis,Batter,Overseas,2023,7.0,1.295856968580587,Batter,Overseas,RCB,0.9720842698480081,0.1400305219933586,-0.761210019428494,0.5642683312598381,0.0,-0.968307627062185,-1.376538494996689,-0.5827489665493873,0.8752406027777534,-0.5765294001703466,0.8829950702937883,0.8345223444395389,0.8377042174322938,0.5854781929049856,-0.1335615225579974,-0.11011637516770331,0.04844956549804126,-0.10629953893967904,-0.05858932243041457,0.0706308078978602,-0.2106969915486166,-0.04232905947149176,0.20519954860304615,-0.13495686417356192,0.2253579765598326,0.4561834839443331,0.07529806590472743,-2.8290599763364113,0.37554858757314175,0.8286162084265156,-0.09962408156362454,-0.5639051276591397,0.8084892972952167,0.5155595368460797,-1.3320099111510328,-0.968307627062185,-0.04674513848888246,-0.5719290198427753,-0.404888165089458,-0.0826844950008211,-0.048952239838218385,0.0,0.0,0.0,0.5854781929049856,0.5665070454620487,-0.24433888871261047,-1.2392393980641052,1.295856968580587,-0.2798493834502342,-0.34397753364024763,-0.0382321345106516,7.0
Faf du Plessis,Batter,Overseas,2024,7.0,1.295856968580587,Batter,Overseas,RCB,0.7161029892350401,0.7466040623456739,-0.2061512977073009,0.5642683312598381,0.0,-1.3029492584513396,0.4058729216063924,-1.691879134091168,0.8752406027777534,-0.5765294001703466,0.8829950702937883,0.8345223444395389,0.8377042174322938,0.5854781929049856,-0.1335615225579974,-0.11011637516770331,0.04844956549804126,-0.10629953893967904,-0.05858932243041457,0.0706308078978602,-0.2106969915486166,-0.04232905947149176,0.20519954860304615,-0.13495686417356192,0.2253579765598326,0.4561834839443331,0.07529806590472743,-2.8290599763364113,0.37554858757314175,1.4184081963792237,-0.17235415582399854,-0.08991351579538011,0.8084892972952167,0.5155595368460797,-1.2170473133829403,-1.30294925845134,-0.04674513848888246,-0.5719290198427753,-0.404888165089458,-0.0826844950008211,-0.048952239838218385,0.0,0.0,0.0,0.5854781929049856,0.5665070454620487,-0.24433888871261047,-1.2392393980641052,1.295856968580587,-0.2798493834502342,-0.34397753364024763,-0.0382321345106516,7.0
Jos Buttler,WK-Batter,Overseas,2019,10.88,1.295856968580587,WK-Batter,Overseas,RR,1.16600948243359,0.7953737942332972,0.6225279206370157,1.430496472220887,0.0,-1.2725272919614166,-0.18295942137855448,-1.636422625714079,1.3136999644883367,0.9459370800766224,0.5181375903120684,0.9135237930464819,2.197178490293845,-0.49775181872378227,-0.1335615225579974,-0.11011637516770331,0.04844956549804126,-0.10629953893967904,-0.05858932243041457,0.0706308078978602,-0.2106969915486166,-0.04232905947149176,0.20519954860304615,-0.13495686417356192,2.2729498869193607,1.6370006032480686,-2.3735146946116537,2.4075985273477474,0.6630305252302099,-1.530551743384316,0.4381376796342931,0.9617314951586624,2.102072172967563,1.5661493652597647,-1.5236142407645183,-1.272527291961417,-0.04674513848888246,-0.5719290198427753,-0.404888165089458,-0.0826844950008211,-0.048952239838218385,0.0,0.0,0.0,-0.49775181872378227,0.5665070454620487,-0.24433888871261047,0.8069465847859291,1.295856968580587,0.6161369971508701,2.065104858856577,0.7251626195500865,10.88
Jos Buttler,WK-Batter,Overseas,2020,10.11,1.295856968580587,WK-Batter,Overseas,RR,1.957224349782764,0.19337241624544685,0.4818088080879798,2.2967246131819357,0.0,0.035617267105279654,-1.74256941090625,0.5818377093694823,1.3136999644883367,0.9459370800766224,0.5181375903120684,0.9135237930464819,2.197178490293845,-0.49775181872378227,-0.1335615225579974,-0.11011637516770331,0.04844956549804126,-0.10629953893967904,-0.05858932243041457,0.0706308078978602,-0.2106969915486166,-0.04232905947149176,0.20519954860304615,-0.13495686417356192,2.2729498869193607,1.6370006032480686,-2.3735146946116537,2.4075985273477474,0.6630305252302099,-0.9407597554316083,0.7753407512051186,0.6917523932910723,2.42546789188565,1.5661493652597647,-0.5464321597357393,0.03561726710527942,-0.04674513848888246,-0.5719290198427753,-0.404888165089458,-0.0826844950008211,-0.048952239838218385,0.0,0.0,0.0,-0.49775181872378227,0.5665070454620487,-0.24433888871261047,0.8069465847859291,1.295856968580587,0.6161369971508701,-0.5144732544327622,0.7251626195500865,10.11
Jos Buttler,WK-Batter,Overseas,2021,9.43,1.295856968580587,WK-Batter,Overseas,RR,0.8867571763103521,0.9508273146250972,1.3964830396567085,1.430496472220887,0.0,1.8457242732557078,1.8859109728928787,0.8776057540472908,1.3136999644883367,0.9459370800766224,0.5181375903120684,0.9135237930464819,2.197178490293845,-0.49775181872378227,-0.1335615225579974,-0.11011637516770331,0.04844956549804126,-0.10629953893967904,-0.05858932243041457,0.0706308078978602,-0.2106969915486166,-0.04232905947149176,0.20519954860304615,-0.13495686417356192,2.2729498869193607,1.6370006032480686,-2.3735146946116537,2.4075985273477474,0.6630305252302099,-0.3509677674789003,0.3191248308445901,1.3919151772854208,2.102072172967563,1.5661493652597647,1.8933296373426511,1.8457242732557075,-0.04674513848888246,-0.5719290198427753,-0.404888165089458,-0.0826844950008211,-0.048952239838218385,0.0,0.0,0.0,-0.49775181872378227,0.5665070454620487,-0.24433888871261047,0.8069465847859291,1.295856968580587,0.43832526698003216,-0.4945451831712991,0.5957905568823076,9.43
Jos Buttler,WK-Batter,Overseas,2022,10.0,1.295856968580587,WK-Batter,Overseas,RR,0.2584394875330669,2.23865304728265,1.3495766688070305,0.5642683312598381,0.0,0.1725161163099337,-2.0131140009263606,-1.8952196648071613,1.3136999644883367,0.9459370800766224,0.5181375903120684,0.9135237930464819,2.197178490293845,-0.49775181872378227,-0.1335615225579974,-0.11011637516770331,0.04844956549804126,-0.10629953893967904,-0.05858932243041457,0.0706308078978602,-0.2106969915486166,-0.04232905947149176,0.20519954860304615,-0.13495686417356192,2.2729498869193607,1.6370006032480686,-2.3735146946116537,2.4075985273477474,0.6630305252302099,0.2388242204738077,0.051345921067758135,1.7994308027459365,1.7786764540494766,1.5661493652597647,-2.8488775205911314,0.17251611630993294,-0.04674513848888246,-0.5719290198427753,-0.404888165089458,-0.0826844950008211,-0.048952239838218385,0.0,0.0,0.0,-0.49775181872378227,0.5665070454620487,-0.24433888871261047,0.8069465847859291,1.295856968580587,0.28129672604994177,-0.21776641565098376,0.47385402816249056,10.0
Jos Buttler,WK-Batter,Overseas,2023,10.0,1.295856968580587,WK-Batter,Overseas,RR,0.6928319637247703,0.2710991764413468,1.3339412118571365,1.430496472220887,0.0,1.1003860942525905,-0.15113064608207044,1.0624607819709209,1.3136999644883367,0.9459370800766224,0.5181375903120684,0.9135237930464819,2.197178490293845,-0.49775181872378227,-0.1335615225579974,-0.11011637516770331,0.04844956549804126,-0.10629953893967904,-0.05858932243041457,0.0706308078978602,-0.2106969915486166,-0.04232905947149176,0.20519954860304615,-0.13495686417356192,2.2729498869193607,1.6370006032480686,-2.3735146946116537,2.4075985273477474,0.6630305252302099,0.8286162084265156,0.23647701918507405,1.1341615441816444,2.102072172967563,1.5661493652597647,0.826732202494245,1.1003860942525903,-0.04674513848888246,-0.5719290198427753,-0.404888165089458,-0.0826844950008211,-0.048952239838218385,0.0,0.0,0.0,-0.49775181872378227,0.5665070454620487,-0.24433888871261047,0.8069465847859291,1.295856968580587,0.41292359124134115,-0.34397753364024763,0.576580272119388,10.0
Jos Buttler,WK-Batter,Overseas,2024,10.0,1.295856968580587,WK-Batter,Overseas,RR,0.7005889722281935,0.3884513437959398,0.4192669802884101,1.430496472220887,0.0,0.05082825035024145,-0.11930187078558753,0.7112362289160239,1.3136999644883367,0.9459370800766224,0.5181375903120684,0.9135237930464819,2.197178490293845,-0.49775181872378227,-0.1335615225579974,-0.11011637516770331,0.04844956549804126,-0.10629953893967904,-0.05858932243041457,0.0706308078978602,-0.2106969915486166,-0.04232905947149176,0.20519954860304615,-0.13495686417356192,2.2729498869193607,1.6370006032480686,-2.3735146946116537,2.4075985273477474,0.6630305252302099,1.4184081963792237,0.23978293165145467,0.7263912214552168,2.102072172967563,1.5661493652597647,0.5425191135675737,0.050828250350241015,-0.04674513848888246,-0.5719290198427753,-0.404888165089458,-0.0826844950008211,-0.048952239838218385,0.0,0.0,0.0,-0.49775181872378227,0.5665070454620487,-0.24433888871261047,0.8069465847859291,1.295856968580587,0.41292359124134115,-0.34397753364024763,0.576580272119388,10.0
Suryakumar Yadav,Batter,Indian,2019,10.78,-0.7716901048850686,Batter,Indian,MI,-0.1449249546449434,0.42502864271165763,1.4433894105063865,-0.3019598097012108,0.0,-1.5311140071257634,0.19898588217924837,2.042192429966161,0.2617441045740127,0.8813475930358429,0.41522907031722434,0.5185165500117668,0.1579670810015183,0.5854781929049856,-0.1335615225579974,-0.11011637516770331,0.04844956549804126,-0.10629953893967904,-0.05858932243041457,0.0706308078978602,-0.2106969915486166,-0.04232905947149176,0.20519954860304615,-0.13495686417356192,1.217578657443314,1.4708554809339742,-0.09315352251055536,-0.023707206505612106,-0.19941528774099446,-1.530551743384316,-0.41699167833616596,1.2123536048168813,0.0,0.5474397912394663,1.8837494208619765,-1.5311140071257636,-0.04674513848888246,-0.5719290198427753,-0.404888165089458,-0.0826844950008211,-0.048952239838218385,0.0,0.0,0.0,0.5854781929049856,0.5665070454620487,-0.24433888871261047,-1.2392393980641052,-0.7716901048850686,0.5930445646611506,2.0429625574549513,0.7088428462133705,10.78
Suryakumar Yadav,Batter,Indian,2020,6.23,-0.7716901048850686,Batter,Indian,MI,0.460121708622072,0.5698137842530399,1.3026702979573506,0.5642683312598381,0.0,-0.7097209118978377,0.1353283315862814,-0.12061139674031168,0.2617441045740127,0.8813475930358429,0.41522907031722434,0.5185165500117668,0.1579670810015183,0.5854781929049856,-0.1335615225579974,-0.11011637516770331,0.04844956549804126,-0.10629953893967904,-0.05858932243041457,0.0706308078978602,-0.2106969915486166,-0.04232905947149176,0.20519954860304615,-0.13495686417356192,1.217578657443314,1.4708554809339742,-0.09315352251055536,-0.023707206505612106,-0.19941528774099446,-0.9407597554316083,-0.24508423008437266,1.1919778235438547,0.32339571891808666,0.5474397912394663,-0.02271365879221032,-0.7097209118978379,-0.04674513848888246,-0.5719290198427753,-0.404888165089458,-0.0826844950008211,-0.048952239838218385,0.0,0.0,0.0,0.5854781929049856,0.5665070454620487,-0.24433888871261047,-1.2392393980641052,-0.7716901048850686,0.5930445646611506,-1.3514522474141952,0.7088428462133705,6.23
Suryakumar Yadav,Batter,Indian,2021,7.07,-0.7716901048850686,Batter,Indian,MI,-0.04408384410044083,-0.6936270824607026,-0.14360946990773113,-0.3019598097012108,0.0,-1.3637931914311858,1.503965669335076,0.6557797205389347,0.2617441045740127,0.8813475930358429,0.41522907031722434,0.5185165500117668,0.1579670810015183,0.5854781929049856,-0.1335615225579974,-0.11011637516770331,0.04844956549804126,-0.10629953893967904,-0.05858932243041457,0.0706308078978602,-0.2106969915486166,-0.04232905947149176,0.20519954860304615,-0.13495686417356192,1.217578657443314,1.4708554809339742,-0.09315352251055536,-0.023707206505612106,-0.19941528774099446,-0.3509677674789003,-0.3883404369608671,0.06290484375231332,0.0,0.5474397912394663,1.4718001121929816,-1.363793191431186,-0.04674513848888246,-0.5719290198427753,-0.404888165089458,-0.0826844950008211,-0.048952239838218385,0.0,0.0,0.0,0.5854781929049856,0.5665070454620487,-0.24433888871261047,-1.2392393980641052,-0.7716901048850686,-0.4576611136210718,-0.15798220186659576,-0.23361548188276382,7.07
Suryakumar Yadav,Batter,Indian,2022,8.0,-0.7716901048850686,Batter,Indian,MI,-0.1449249546449434,0.7953737942332972,0.9039661457350852,-0.3019598097012108,0.0,-0.9835186103071463,-0.7558773767152593,-0.6382054749264762,0.2617441045740127,0.8813475930358429,0.41522907031722434,0.5185165500117668,0.1579670810015183,0.5854781929049856,-0.1335615225579974,-0.11011637516770331,0.04844956549804126,-0.10629953893967904,-0.05858932243041457,0.0706308078978602,-0.2106969915486166,-0.04232905947149176,0.20519954860304615,-0.13495686417356192,1.217578657443314,1.4708554809339742,-0.09315352251055536,-0.023707206505612106,-0.19941528774099446,0.2388242204738077,-0.41699167833616596,1.072524805830742,0.0,0.5474397912394663,-1.0062825508081052,-0.9835186103071466,-0.04674513848888246,-0.5719290198427753,-0.404888165089458,-0.0826844950008211,-0.048952239838218385,0.0,0.0,0.0,0.5854781929049856,0.5665070454620487,-0.24433888871261047,-1.2392393980641052,-0.7716901048850686,-0.26368468070743073,-0.13805413060513308,-0.021412707873275767,8.0
Suryakumar Yadav,Batter,Indian,2023,8.0,-0.7716901048850686,Batter,Indian,MI,-0.2380090566860227,0.01963024639578862,0.028380556541090715,-0.3019598097012108,0.0,-1.7136458060653024,0.19898588217924837,1.6355113685341747,0.2617441045740127,0.8813475930358429,0.41522907031722434,0.5185165500117668,0.1579670810015183,0.5854781929049856,-0.1335615225579974,-0.11011637516770331,0.04844956549804126,-0.10629953893967904,-0.05858932243041457,0.0706308078978602,-0.2106969915486166,-0.04232905947149176,0.20519954860304615,-0.13495686417356192,1.217578657443314,1.4708554809339742,-0.09315352251055536,-0.023707206505612106,-0.19941528774099446,0.8286162084265156,-0.4434389780672111,0.3853515823979477,0.0,0.5474397912394663,1.532474816570586,-1.7136458060653028,-0.04674513848888246,-0.5719290198427753,-0.404888165089458,-0.0826844950008211,-0.048952239838218385,0.0,0.0,0.0,0.5854781929049856,0.5665070454620487,-0.24433888871261047,-1.2392393980641052,-0.7716901048850686,-0.04892505855304242,-0.34397753364024763,0.18916187766733408,8.0
Suryakumar Yadav,Batter,Indian,2024,8.0,-0.7716901048850686,Batter,Indian,MI,0.11881333447144793,0.7877535236258566,-0.19051584075740902,0.5642683312598381,0.0,1.48066067537663,0.023927618048588395,-0.3978939386257569,0.2617441045740127,0.8813475930358429,0.41522907031722434,0.5185165500117668,0.1579670810015183,0.5854781929049856,-0.1335615225579974,-0.11011637516770331,0.04844956549804126,-0.10629953893967904,-0.05858932243041457,0.0706308078978602,-0.2106969915486166,-0.04232905947149176,0.20519954860304615,-0.13495686417356192,1.217578657443314,1.4708554809339742,-0.09315352251055536,-0.023707206505612106,-0.19941528774099446,1.4184081963792237,-0.3420576624315382,0.535113574754687,0.32339571891808666,0.5474397912394663,-0.3292805861737884,1.4806606753766294,-0.04674513848888246,-0.5719290198427753,-0.404888165089458,-0.0826844950008211,-0.048952239838218385,0.0,0.0,0.0,0.5854781929049856,0.5665070454620487,-0.24433888871261047,-1.2392393980641052,-0.7716901048850686,-0.04892505855304242,-0.34397753364024763,0.18916187766733408,8.0
Ruturaj Gaikwad,Batter,Indian,2019,6.36,-0.7716901048850686,Batter,Indian,CSK,1.6081589671287166,1.1352378633251718,-1.2459091848751713,1.430496472220887,0.0,0.035617267105279654,-0.023815544896136534,0.9145767596320167,1.4731397323830946,-0.447350426088785,-0.1498322576544649,0.1235093069770517,0.1579670810015183,-1.3101743274453581,-0.1335615225579974,-0.11011637516770331,0.04844956549804126,-0.10629953893967904,-0.05858932243041457,0.0706308078978602,-0.2106969915486166,-0.04232905947149176,0.20519954860304615,-0.13495686417356192,0.026273717863289442,1.195677622101259,2.421090846729119,1.0984339014267075,-1.636824976026335,-1.530551743384316,1.60843069273304,-0.4146525298342265,0.6467914378361733,1.077652299341204,0.7756377145973153,0.03561726710527942,-0.04674513848888246,-0.5719290198427753,-0.404888165089458,-0.0826844950008211,-0.048952239838218385,0.0,0.0,0.0,-1.3101743274453581,-1.7652031126716006,-0.24433888871261047,0.8069465847859291,-0.7716901048850686,-0.4276409513844369,1.0642728355031168,-0.1992101437192207,6.36
Ruturaj Gaikwad,Batter,Indian,2020,7.56,-0.7716901048850686,Batter,Indian,CSK,1.228065550460976,1.7540038366493933,-0.7143036485788161,1.430496472220887,0.0,-1.7440677725552254,-1.9335420626851518,-0.3794084358333943,1.4731397323830946,-0.447350426088785,-0.1498322576544649,0.1235093069770517,0.1579670810015183,-1.3101743274453581,-0.1335615225579974,-0.11011637516770331,0.04844956549804126,-0.10629953893967904,-0.05858932243041457,0.0706308078978602,-0.2106969915486166,-0.04232905947149176,0.20519954860304615,-0.13495686417356192,0.026273717863289442,1.195677622101259,2.421090846729119,1.0984339014267075,-1.636824976026335,-0.9407597554316083,1.349247155368798,0.05195286131806232,0.6467914378361733,1.077652299341204,-1.491680185828938,-1.7440677725552256,-0.04674513848888246,-0.5719290198427753,-0.404888165089458,-0.0826844950008211,-0.048952239838218385,0.0,0.0,0.0,-1.3101743274453581,-1.7652031126716006,-0.24433888871261047,0.8069465847859291,-0.7716901048850686,-0.4276409513844369,-0.07826991682074508,-0.1992101437192207,7.56
Ruturaj Gaikwad,Batter,Indian,2021,5.97,-0.7716901048850686,Batter,Indian,CSK,2.438158876995007,0.15069890084377624,-0.4954072512803186,2.2967246131819357,0.0,1.343761826171976,-2.0608571638710855,-1.1742850559050038,1.4731397323830946,-0.447350426088785,-0.1498322576544649,0.1235093069770517,0.1579670810015183,-1.3101743274453581,-0.1335615225579974,-0.11011637516770331,0.04844956549804126,-0.10629953893967904,-0.05858932243041457,0.0706308078978602,-0.2106969915486166,-0.04232905947149176,0.20519954860304615,-0.13495686417356192,0.026273717863289442,1.195677622101259,2.421090846729119,1.0984339014267075,-1.636824976026335,-0.3509677674789003,2.174402906977406,-0.3769573344791293,0.9701871567542599,1.077652299341204,-2.2549040987893236,1.3437618261719757,-0.04674513848888246,-0.5719290198427753,-0.404888165089458,-0.0826844950008211,-0.048952239838218385,0.0,0.0,0.0,-1.3101743274453581,-1.7652031126716006,-0.24433888871261047,0.8069465847859291,-0.7716901048850686,-0.1505317615078069,-0.6960401259260887,0.09239084909018613,5.97
Ruturaj Gaikwad,Batter,Indian,2022,6.0,-0.7716901048850686,Batter,Indian,CSK,2.4847009280155468,1.3897549016137065,-0.7299391055287102,2.2967246131819357,0.0,-0.19254748156914409,-1.440196045589656,-0.34243743024866835,1.4731397323830946,-0.447350426088785,-0.1498322576544649,0.1235093069770517,0.1579670810015183,-1.3101743274453581,-0.1335615225579974,-0.11011637516770331,0.04844956549804126,-0.10629953893967904,-0.05858932243041457,0.0706308078978602,-0.2106969915486166,-0.04232905947149176,0.20519954860304615,-0.13495686417356192,0.026273717863289442,1.195677622101259,2.421090846729119,1.0984339014267075,-1.636824976026335,0.2388242204738077,2.2061396666546598,-0.07743334976565065,0.9701871567542599,1.077652299341204,-1.162759419992453,-0.1925474815691445,-0.04674513848888246,-0.5719290198427753,-0.404888165089458,-0.0826844950008211,-0.048952239838218385,0.0,0.0,0.0,-1.3101743274453581,-1.7652031126716006,-0.24433888871261047,0.8069465847859291,-0.7716901048850686,-0.5177014380943418,-0.33733484321976,-0.30432206003033135,6.0
Ruturaj Gaikwad,Batter,Indian,2023,6.0,-0.7716901048850686,Batter,Indian,CSK,1.1582524739301667,1.191627865820237,0.16128194061517842,1.430496472220887,0.0,-0.3598682972637217,-0.10338748313734551,-0.6936619833035653,1.4731397323830946,-0.447350426088785,-0.1498322576544649,0.1235093069770517,0.1579670810015183,-1.3101743274453581,-0.1335615225579974,-0.11011637516770331,0.04844956549804126,-0.10629953893967904,-0.05858932243041457,0.0706308078978602,-0.2106969915486166,-0.04232905947149176,0.20519954860304615,-0.13495686417356192,0.026273717863289442,1.195677622101259,2.421090846729119,1.0984339014267075,-1.636824976026335,0.8286162084265156,1.3016420158529167,0.2918776858079432,0.6467914378361733,1.077652299341204,-0.6613947575038308,-0.35986829726372205,-0.04674513848888246,-0.5719290198427753,-0.404888165089458,-0.0826844950008211,-0.048952239838218385,0.0,0.0,0.0,-1.3101743274453581,-1.7652031126716006,-0.24433888871261047,0.8069465847859291,-0.7716901048850686,-0.510773708347426,-0.34397753364024763,-0.2960302032341276,6.0
Ruturaj Gaikwad,Batter,Indian,2024,6.0,-0.7716901048850686,Batter,Indian,CSK,2.0580654603272666,0.44941350865546875,-1.2693623703000103,2.2967246131819357,0.0,-0.39029026375364473,-0.6126478878810834,1.0070042735938318,1.4731397323830946,-0.447350426088785,-0.1498322576544649,0.1235093069770517,0.1579670810015183,-1.3101743274453581,-0.1335615225579974,-0.11011637516770331,0.04844956549804126,-0.10629953893967904,-0.05858932243041457,0.0706308078978602,-0.2106969915486166,-0.04232905947149176,0.20519954860304615,-0.13495686417356192,0.026273717863289442,1.195677622101259,2.421090846729119,1.0984339014267075,-1.636824976026335,1.4184081963792237,1.9152193696131634,-0.6553414461218452,0.9701871567542599,1.077652299341204,0.5010048421513187,-0.39029026375364523,-0.04674513848888246,-0.5719290198427753,-0.404888165089458,-0.0826844950008211,-0.048952239838218385,0.0,0.0,0.0,-1.3101743274453581,-1.7652031126716006,-0.24433888871261047,0.8069465847859291,-0.7716901048850686,-0.510773708347426,-0.34397753364024763,-0.2960302032341276,6.0
Yashasvi Jaiswal,Batter,Indian,2022,2.0,-0.7716901048850686,Batter,Indian,RR,1.0186263208685478,0.1674634961801467,1.7717340064541338,1.430496472220887,0.0,0.5375797141890114,1.7904246470034288,0.5818377093694823,0.3241335789676134,1.3427010718985608,-1.1776700816029682,-0.8245080763062645,0.1579670810015183,-2.122596836166934,-0.1335615225579974,-0.11011637516770331,0.04844956549804126,-0.10629953893967904,-0.05858932243041457,0.0706308078978602,-0.2106969915486166,-0.04232905947149176,0.20519954860304615,-0.13495686417356192,-1.4149252054261068,-1.6962859131784305,0.15047480784212602,2.968669081313907,0.6630305252302099,0.2388242204738077,4.530857313013526,1.4777481558980414,0.6467914378361733,0.7814767144584477,1.580375898973957,0.5375797141890112,-0.04674513848888246,-0.5719290198427753,-0.404888165089458,-0.0826844950008211,-0.048952239838218385,0.0,0.0,0.0,-2.122596836166934,-1.7652031126716006,4.092676385936225,-1.2392393980641052,-0.7716901048850686,-1.4344710079361933,0.09886849439225687,-1.9318384408937437,2.0
Yashasvi Jaiswal,Batter,Indian,2023,2.0,-0.7716901048850686,Batter,Indian,RR,1.584887941618447,1.2022962446706547,0.34890742401389213,1.430496472220887,0.0,-0.2838133810389138,-0.10338748313734551,-0.7860894972653805,0.3241335789676134,1.3427010718985608,-1.1776700816029682,-0.8245080763062645,0.1579670810015183,-2.122596836166934,-0.1335615225579974,-0.11011637516770331,0.04844956549804126,-0.10629953893967904,-0.05858932243041457,0.0706308078978602,-0.2106969915486166,-0.04232905947149176,0.20519954860304615,-0.13495686417356192,-1.4149252054261068,-1.6962859131784305,0.15047480784212602,2.968669081313907,0.6630305252302099,0.8286162084265156,5.496183753196673,1.1283035070656506,0.6467914378361733,0.7814767144584477,-0.7412298948427833,-0.28381338103891407,-0.04674513848888246,-0.5719290198427753,-0.404888165089458,-0.0826844950008211,-0.048952239838218385,0.0,0.0,0.0,-2.122596836166934,-1.7652031126716006,4.092676385936225,-1.2392393980641052,-0.7716901048850686,-1.4344710079361933,-0.34397753364024763,-1.9318384408937437,2.0
Yashasvi Jaiswal,Batter,Indian,2024,2.0,-0.7716901048850686,Batter,Indian,RR,1.2901216184883624,-0.6722903247598673,1.74046309255435,1.430496472220887,0.0,-1.4246371244110325,1.5676232199280429,1.9682504187967083,0.3241335789676134,1.3427010718985608,-1.1776700816029682,-0.8245080763062645,0.1579670810015183,-2.122596836166934,-0.1335615225579974,-0.11011637516770331,0.04844956549804126,-0.10629953893967904,-0.05858932243041457,0.0706308078978602,-0.2106969915486166,-0.04232905947149176,0.20519954860304615,-0.13495686417356192,-1.4149252054261068,-1.6962859131784305,0.15047480784212602,2.968669081313907,0.6630305252302099,1.4184081963792237,4.993685058306816,1.1817899329073431,0.6467914378361733,0.7814767144584477,2.6437799283288035,-1.424637124411033,-0.04674513848888246,-0.5719290198427753,-0.404888165089458,-0.0826844950008211,-0.048952239838218385,0.0,0.0,0.0,-2.122596836166934,-1.7652031126716006,4.092676385936225,-1.2392393980641052,-0.7716901048850686,-1.4344710079361933,-0.34397753364024763,-1.9318384408937437,2.0
MS Dhoni,WK-Batter,Indian,2019,13.75,-0.7716901048850686,WK-Batter,Indian,CSK,-0.3931492267544882,2.0496703362181097,0.403631523338516,-0.3019598097012108,0.0,0.5832126639238968,1.80633903465167,0.2675841618993112,1.4488771590078053,-0.37353386947075173,1.4536695902651964,0.5185165500117668,-0.5217700554292573,1.6687082045337533,-0.1335615225579974,-0.11011637516770331,0.04844956549804126,-0.10629953893967904,-0.05858932243041457,0.0706308078978602,-0.2106969915486166,-0.04232905947149176,0.20519954860304615,-0.13495686417356192,-0.6753682691551803,-0.6436008022664785,0.479373053818246,-1.5198953504153716,-1.636824976026335,-1.530551743384316,-0.6181013533743217,0.727664707784778,-0.48509357837712996,1.0907761109256668,1.3185166485021913,0.583212663923896,-0.04674513848888246,-0.5719290198427753,-0.404888165089458,-0.0826844950008211,-0.048952239838218385,0.0,0.0,0.0,1.6687082045337533,0.5665070454620487,-0.24433888871261047,-1.2392393980641052,-0.7716901048850686,1.2788898096058103,2.7005889090832205,1.1429227432990063,13.75
MS Dhoni,WK-Batter,Indian,2020,15.35,-0.7716901048850686,WK-Batter,Indian,CSK,-0.1449249546449434,0.5484770265522045,0.08310465586571454,-0.3019598097012108,0.0,1.9217791894805156,-1.885798899740427,1.9867359215890716,1.4488771590078053,-0.37353386947075173,1.4536695902651964,0.5185165500117668,-0.5217700554292573,1.6687082045337533,-0.1335615225579974,-0.11011637516770331,0.04844956549804126,-0.10629953893967904,-0.05858932243041457,0.0706308078978602,-0.2106969915486166,-0.04232905947149176,0.20519954860304615,-0.13495686417356192,-0.6753682691551803,-0.6436008022664785,0.479373053818246,-1.5198953504153716,-1.636824976026335,-0.9407597554316083,-0.5652067539122314,0.06927227540013317,-0.48509357837712996,1.0907761109256668,0.5808399794902712,1.9217791894805156,-0.04674513848888246,-0.5719290198427753,-0.404888165089458,-0.0826844950008211,-0.048952239838218385,0.0,0.0,0.0,1.6687082045337533,0.5665070454620487,-0.24433888871261047,-1.2392393980641052,-0.7716901048850686,1.2788898096058103,0.010299288785755896,1.1429227432990063,15.35
MS Dhoni,WK-Batter,Indian,2021,15.79,-0.7716901048850686,WK-Batter,Indian,CSK,-0.48623332879556747,1.9841360089941156,-0.8706582180777438,-0.3019598097012108,0.0,1.7848803402758615,0.43770169690287525,-1.4145965922057229,1.4488771590078053,-0.37353386947075173,1.4536695902651964,0.5185165500117668,-0.5217700554292573,1.6687082045337533,-0.1335615225579974,-0.11011637516770331,0.04844956549804126,-0.10629953893967904,-0.05858932243041457,0.0706308078978602,-0.2106969915486166,-0.04232905947149176,0.20519954860304615,-0.13495686417356192,-0.6753682691551803,-0.6436008022664785,0.479373053818246,-1.5198953504153716,-1.636824976026335,-0.3509677674789003,-0.6379368281726056,0.08302592775942659,-0.48509357837712996,1.0907761109256668,-0.9583814684047343,1.7848803402758613,-0.04674513848888246,-0.5719290198427753,-0.404888165089458,-0.0826844950008211,-0.048952239838218385,0.0,0.0,0.0,1.6687082045337533,0.5665070454620487,-0.24433888871261047,-1.2392393980641052,-0.7716901048850686,1.6483687294413172,-0.24655140747309673,1.3417470480481208,15.79
MS Dhoni,WK-Batter,Indian,2022,12.0,-0.7716901048850686,WK-Batter,Indian,CSK,-0.3853922182510649,0.9477792063821202,-0.3234172248314967,-0.3019598097012108,0.0,-1.3942151579211088,-1.838055736795701,1.1364027931403726,1.4488771590078053,-0.37353386947075173,1.4536695902651964,0.5185165500117668,-0.5217700554292573,1.6687082045337533,-0.1335615225579974,-0.11011637516770331,0.04844956549804126,-0.10629953893967904,-0.05858932243041457,0.0706308078978602,-0.2106969915486166,-0.04232905947149176,0.20519954860304615,-0.13495686417356192,-0.6753682691551803,-0.6436008022664785,0.479373053818246,-1.5198953504153716,-1.636824976026335,0.2388242204738077,-0.6164483971411314,0.004069775326450531,-0.48509357837712996,1.0907761109256668,-0.12490263458606969,-1.3942151579211093,-0.04674513848888246,-0.5719290198427753,-0.404888165089458,-0.0826844950008211,-0.048952239838218385,0.0,0.0,0.0,1.6687082045337533,0.5665070454620487,-0.24433888871261047,-1.2392393980641052,-0.7716901048850686,1.7499754323960814,-1.1831707567618435,1.3930157084811097,12.0
MS Dhoni,WK-Batter,Indian,2023,12.0,-0.7716901048850686,WK-Batter,Indian,CSK,0.8867571763103521,1.6686568058460522,-0.800298661803226,-0.3019598097012108,0.0,0.5984236471688587,1.137934753425514,-1.7658211452606203,1.4488771590078053,-0.37353386947075173,1.4536695902651964,0.5185165500117668,-0.5217700554292573,1.6687082045337533,-0.1335615225579974,-0.11011637516770331,0.04844956549804126,-0.10629953893967904,-0.05858932243041457,0.0706308078978602,-0.2106969915486166,-0.04232905947149176,0.20519954860304615,-0.13495686417356192,-0.6753682691551803,-0.6436008022664785,0.479373053818246,-1.5198953504153716,-1.636824976026335,0.8286162084265156,-0.3453635748979188,0.011965390569750258,-0.48509357837712996,1.0907761109256668,-0.8402254651430853,0.5984236471688584,-0.04674513848888246,-0.5719290198427753,-0.404888165089458,-0.0826844950008211,-0.048952239838218385,0.0,0.0,0.0,1.6687082045337533,0.5665070454620487,-0.24433888871261047,-1.2392393980641052,-0.7716901048850686,0.8747722410357248,-0.34397753364024763,0.8990978430971007,12.0
MS Dhoni,WK-Batter,Indian,2024,12.0,-0.7716901048850686,WK-Batter,Indian,CSK,-0.3621211927407951,2.145685745871868,0.20818831146485628,-0.3019598097012108,0.0,-1.804911705535072,-1.344709719700205,-1.4145965922057229,1.4488771590078053,-0.37353386947075173,1.4536695902651964,0.5185165500117668,-0.5217700554292573,1.6687082045337533,-0.1335615225579974,-0.11011637516770331,0.04844956549804126,-0.10629953893967904,-0.05858932243041457,0.0706308078978602,-0.2106969915486166,-0.04232905947149176,0.20519954860304615,-0.13495686417356192,-0.6753682691551803,-0.6436008022664785,0.479373053818246,-1.5198953504153716,-1.636824976026335,1.4184081963792237,-0.6114895284415605,0.6642450885724855,-0.48509357837712996,1.0907761109256668,-2.0313657142402564,-1.8049117055350723,-0.04674513848888246,-0.5719290198427753,-0.404888165089458,-0.0826844950008211,-0.048952239838218385,0.0,0.0,0.0,1.6687082045337533,0.5665070454620487,-0.24433888871261047,-1.2392393980641052,-0.7716901048850686,0.8747722410357248,-0.34397753364024763,0.8990978430971007,12.0
AB de Villiers,Batter,Overseas,2019,16.58,1.295856968580587,Batter,Overseas,RCB,-0.05184085260386411,0.47075026635630407,1.71700990712951,0.5642683312598381,0.0,0.9026433120680902,0.34221537101342425,1.7833953908730782,1.658575114608519,1.1489326107762172,1.5035646302626964,1.782539727722855,1.5174413538630693,1.1270931987193695,-0.1335615225579974,-0.11011637516770331,0.04844956549804126,-0.10629953893967904,-0.05858932243041457,0.0706308078978602,-0.2106969915486166,-0.04232905947149176,0.20519954860304615,-0.13495686417356192,4.145296716800433,3.585311764134429,-3.215250575980168,-0.9588247964492118,0.37554858757314175,-1.530551743384316,-0.47901689318159324,1.4721448160479593,1.2935828756723466,1.9878789301581048,1.7464329846389781,0.9026433120680895,-0.04674513848888246,-0.5719290198427753,-0.404888165089458,-0.0826844950008211,-0.048952239838218385,0.0,0.0,0.0,1.1270931987193695,0.5665070454620487,-0.24433888871261047,-1.2392393980641052,1.295856968580587,1.932405649064863,3.327216038749214,1.4817824617290671,16.58
AB de Villiers,Batter,Overseas,2020,15.17,1.295856968580587,Batter,Overseas,RCB,-0.1449249546449434,1.3806105768847778,0.3723606094387322,0.5642683312598381,0.0,-1.3790041746761477,-0.2784457472680055,-1.1927705586973667,1.658575114608519,1.1489326107762172,1.5035646302626964,1.782539727722855,1.5174413538630693,1.1270931987193695,-0.1335615225579974,-0.11011637516770331,0.04844956549804126,-0.10629953893967904,-0.05858932243041457,0.0706308078978602,-0.2106969915486166,-0.04232905947149176,0.20519954860304615,-0.13495686417356192,4.145296716800433,3.585311764134429,-3.215250575980168,-0.9588247964492118,0.37554858757314175,-0.9407597554316083,-0.5016860072367748,1.1191344054927883,1.2935828756723466,1.9878789301581048,-1.1978868804215919,-1.379004174676148,-0.04674513848888246,-0.5719290198427753,-0.404888165089458,-0.0826844950008211,-0.048952239838218385,0.0,0.0,0.0,1.1270931987193695,0.5665070454620487,-0.24433888871261047,-1.2392393980641052,1.295856968580587,1.932405649064863,-0.6561839834031629,1.4817824617290671,15.17
AB de Villiers,Batter,Overseas,2021,11.53,1.295856968580587,Batter,Overseas,RCB,0.3437665810707229,0.31834485420748115,1.71700990712951,0.5642683312598381,0.0,1.891357222990593,-0.03972993254437856,-1.728850139675894,1.658575114608519,1.1489326107762172,1.5035646302626964,1.782539727722855,1.5174413538630693,1.1270931987193695,-0.1335615225579974,-0.11011637516770331,0.04844956549804126,-0.10629953893967904,-0.05858932243041457,0.0706308078978602,-0.2106969915486166,-0.04232905947149176,0.20519954860304615,-0.13495686417356192,4.145296716800433,3.585311764134429,-3.215250575980168,-0.9588247964492118,0.37554858757314175,-0.3509677674789003,-0.3826731584470717,1.421205362865395,1.2935828756723466,1.9878789301581048,-1.5172274297774022,1.8913572229905924,-0.04674513848888246,-0.5719290198427753,-0.404888165089458,-0.0826844950008211,-0.048952239838218385,0.0,0.0,0.0,1.1270931987193695,0.5665070454620487,-0.24433888871261047,-1.2392393980641052,1.295856968580587,1.6068023509598228,-1.149957304659406,1.3203746782398733,11.53
AB de Villiers,Batter,Overseas,2022,9.56,1.295856968580587,Batter,Overseas,RCB,0.8324581167863891,0.7222191964018627,0.6694342914866935,1.430496472220887,0.0,1.9217791894805156,0.5809311857370512,-1.617937122921716,1.658575114608519,1.1489326107762172,1.5035646302626964,1.782539727722855,1.5174413538630693,1.1270931987193695,-0.1335615225579974,-0.11011637516770331,0.04844956549804126,-0.10629953893967904,-0.05858932243041457,0.0706308078978602,-0.2106969915486166,-0.04232905947149176,0.20519954860304615,-0.13495686417356192,4.145296716800433,3.585311764134429,-3.215250575980168,-0.9588247964492118,0.37554858757314175,0.2388242204738077,-0.26366030965736864,1.0442534093144173,1.6169785945904334,1.9878789301581048,-1.0477968222243614,1.9217791894805156,-0.04674513848888246,-0.5719290198427753,-0.404888165089458,-0.0826844950008211,-0.048952239838218385,0.0,0.0,0.0,1.1270931987193695,0.5665070454620487,-0.24433888871261047,-1.2392393980641052,1.295856968580587,0.7662378083340444,-0.7801808712522643,0.8280055716394882,9.56
AB de Villiers,Batter,Overseas,2023,12.26,1.295856968580587,Batter,Overseas,RCB,1.1272244399164737,1.4400486876228178,0.2863655962143202,1.430496472220887,0.0,-0.5728220626931836,0.6445887363300192,0.8591202512549275,1.658575114608519,1.1489326107762172,1.5035646302626964,1.782539727722855,1.5174413538630693,1.1270931987193695,-0.1335615225579974,-0.11011637516770331,0.04844956549804126,-0.10629953893967904,-0.05858932243041457,0.0706308078978602,-0.2106969915486166,-0.04232905947149176,0.20519954860304615,-0.13495686417356192,4.145296716800433,3.585311764134429,-3.215250575980168,-0.9588247964492118,0.37554858757314175,0.8286162084265156,-0.1918747818159605,1.0969757433583718,1.6169785945904334,1.9878789301581048,1.1301057243822645,-0.5728220626931844,-0.04674513848888246,-0.5719290198427753,-0.404888165089458,-0.0826844950008211,-0.048952239838218385,0.0,0.0,0.0,1.1270931987193695,0.5665070454620487,-0.24433888871261047,-1.2392393980641052,1.295856968580587,0.3113168882865769,0.25386460420363327,0.49776860737210177,12.26
AB de Villiers,Batter,Overseas,2024,13.88,1.295856968580587,Batter,Overseas,RCB,-0.07511187811413393,2.244749263768603,1.4199362250815464,0.5642683312598381,0.0,1.0851751110076286,1.2015923040184822,-1.0079155307737364,1.658575114608519,1.1489326107762172,1.5035646302626964,1.782539727722855,1.5174413538630693,1.1270931987193695,-0.1335615225579974,-0.11011637516770331,0.04844956549804126,-0.10629953893967904,-0.05858932243041457,0.0706308078978602,-0.2106969915486166,-0.04232905947149176,0.20519954860304615,-0.13495686417356192,4.145296716800433,3.585311764134429,-3.215250575980168,-0.9588247964492118,0.37554858757314175,1.4184081963792237,-0.48468417169538863,1.9199026095227016,1.2935828756723466,1.9878789301581048,-0.1472564730409765,1.0851751110076278,-0.04674513848888246,-0.5719290198427753,-0.404888165089458,-0.0826844950008211,-0.048952239838218385,0.0,0.0,0.0,1.1270931987193695,0.5665070454620487,-0.24433888871261047,-1.2392393980641052,1.295856968580587,0.9348125655089946,0.01472774906608124,0.937329145656499,13.88
Rishabh Pant,WK-Batter,Indian,2019,7.19,-0.7716901048850686,WK-Batter,Indian,DC,0.9022711933171986,0.443317292169516,1.2713993840575668,0.5642683312598381,0.0,1.9217791894805156,-1.1378226802730622,1.376714329441092,0.8960370942422865,0.8721205234585865,0.33227856632138036,0.044507858370108684,-0.5217700554292573,-0.49775181872378227,-0.1335615225579974,-0.11011637516770331,0.04844956549804126,-0.10629953893967904,-0.05858932243041457,0.0706308078978602,-0.2106969915486166,-0.04232905947149176,0.20519954860304615,-0.13495686417356192,0.9590676398129295,-0.11271521612222805,-1.9252385667627199,2.5946220453364672,-1.3493430383692668,-1.530551743384316,0.32573665577735134,1.1305957824588642,-0.16169785945904333,1.1403761409804374,0.5041982476448762,1.9217791894805156,-0.04674513848888246,-0.5719290198427753,-0.404888165089458,-0.0826844950008211,-0.048952239838218385,0.0,0.0,0.0,-0.49775181872378227,0.5665070454620487,-0.24433888871261047,0.8069465847859291,-0.7716901048850686,-0.2359737617197677,1.2480539371366062,0.00708401155796992,7.19
Rishabh Pant,WK-Batter,Indian,2020,10.55,-0.7716901048850686,WK-Batter,Indian,DC,0.29722453005018323,1.1824835410913075,1.099409357608745,-0.3019598097012108,0.0,0.9330652785580128,0.16715710688276544,-0.23152441349449002,0.8960370942422865,0.8721205234585865,0.33227856632138036,0.044507858370108684,-0.5217700554292573,-0.49775181872378227,-0.1335615225579974,-0.11011637516770331,0.04844956549804126,-0.10629953893967904,-0.05858932243041457,0.0706308078978602,-0.2106969915486166,-0.04232905947149176,0.20519954860304615,-0.13495686417356192,0.9590676398129295,-0.11271521612222805,-1.9252385667627199,2.5946220453364672,-1.3493430383692668,-0.9407597554316083,0.06787548339966135,1.2936020326430693,-0.48509357837712996,1.1403761409804374,-0.09935539063760428,0.9330652785580127,-0.04674513848888246,-0.5719290198427753,-0.404888165089458,-0.0826844950008211,-0.048952239838218385,0.0,0.0,0.0,-0.49775181872378227,0.5665070454620487,-0.24433888871261047,0.8069465847859291,-0.7716901048850686,-0.2359737617197677,0.40000379345436,0.00708401155796992,10.55
Rishabh Pant,WK-Batter,Indian,2021,7.72,-0.7716901048850686,WK-Batter,Indian,DC,1.5693739246116003,1.4232840922864474,0.9665079735346572,0.5642683312598381,0.0,-0.22296944805906713,-1.1378226802730622,1.3951998322334553,0.8960370942422865,0.8721205234585865,0.33227856632138036,0.044507858370108684,-0.5217700554292573,-0.49775181872378227,-0.1335615225579974,-0.11011637516770331,0.04844956549804126,-0.10629953893967904,-0.05858932243041457,0.0706308078978602,-0.2106969915486166,-0.04232905947149176,0.20519954860304615,-0.13495686417356192,0.9590676398129295,-0.11271521612222805,-1.9252385667627199,2.5946220453364672,-1.3493430383692668,-0.3509677674789003,0.6100451278860864,1.3091385658637513,-0.16169785945904333,1.1403761409804374,0.5201652751126669,-0.2229694480590677,-0.04674513848888246,-0.5719290198427753,-0.404888165089458,-0.0826844950008211,-0.048952239838218385,0.0,0.0,0.0,-0.49775181872378227,0.5665070454620487,-0.24433888871261047,0.8069465847859291,-0.7716901048850686,0.5399319699347969,-0.9706046633062415,0.6707754261454463,7.72
Rishabh Pant,WK-Batter,Indian,2022,16.0,-0.7716901048850686,WK-Batter,Indian,DC,1.445261788556828,0.7816573071399038,1.083773900658853,0.5642683312598381,0.0,1.3741837926618985,-1.376538494996689,-0.7860894972653805,0.8960370942422865,0.8721205234585865,0.33227856632138036,0.044507858370108684,-0.5217700554292573,-0.49775181872378227,-0.1335615225579974,-0.11011637516770331,0.04844956549804126,-0.10629953893967904,-0.05858932243041457,0.0706308078978602,-0.2106969915486166,-0.04232905947149176,0.20519954860304615,-0.13495686417356192,0.9590676398129295,-0.11271521612222805,-1.9252385667627199,2.5946220453364672,-1.3493430383692668,0.2388242204738077,0.5571505284239963,1.1519903527955426,-0.16169785945904333,1.1403761409804374,-1.5076472132967276,1.374183792661898,-0.04674513848888246,-0.5719290198427753,-0.404888165089458,-0.0826844950008211,-0.048952239838218385,0.0,0.0,0.0,-0.49775181872378227,0.5665070454620487,-0.24433888871261047,0.8069465847859291,-0.7716901048850686,-0.11358386952425618,1.4894050224143212,0.12814405030494613,16.0
Rishabh Pant,WK-Batter,Indian,2023,0.0,-0.7716901048850686,WK-Batter,Indian,DC,1.3444206780123253,1.589405991528665,0.7476115762361575,0.5642683312598381,0.0,-1.166050409246685,-0.8195349273082263,0.23061315631458532,0.8960370942422865,0.8721205234585865,0.33227856632138036,0.044507858370108684,-0.5217700554292573,-0.49775181872378227,-0.1335615225579974,-0.11011637516770331,0.04844956549804126,-0.10629953893967904,-0.05858932243041457,0.0706308078978602,-0.2106969915486166,-0.04232905947149176,0.20519954860304615,-0.13495686417356192,0.9590676398129295,-0.11271521612222805,-1.9252385667627199,2.5946220453364672,-1.3493430383692668,0.8286162084265156,0.5141736663610479,1.2576897181493607,-0.16169785945904333,1.1403761409804374,-0.29415312574464947,-1.1660504092466852,-0.04674513848888246,-0.5719290198427753,-0.404888165089458,-0.0826844950008211,-0.048952239838218385,0.0,0.0,0.0,-0.49775181872378227,0.5665070454620487,-0.24433888871261047,0.8069465847859291,-0.7716901048850686,1.798469540624492,-3.8867457579002833,1.4170130411107567,0.0
Rishabh Pant,WK-Batter,Indian,2024,16.0,-0.7716901048850686,WK-Batter,Indian,DC,0.73937401474531,0.01048592166685944,0.4739910796130339,0.5642683312598381,0.0,0.6744785633936665,-0.7558773767152593,-1.617937122921716,0.8960370942422865,0.8721205234585865,0.33227856632138036,0.044507858370108684,-0.5217700554292573,-0.49775181872378227,-0.1335615225579974,-0.11011637516770331,0.04844956549804126,-0.10629953893967904,-0.05858932243041457,0.0706308078978602,-0.2106969915486166,-0.04232905947149176,0.20519954860304615,-0.13495686417356192,0.9590676398129295,-0.11271521612222805,-1.9252385667627199,2.5946220453364672,-1.3493430383692668,1.4184081963792237,0.25631249398335787,0.5962409185737633,-0.16169785945904333,1.1403761409804374,-1.8525350066010031,0.6744785633936664,-0.04674513848888246,-0.5719290198427753,-0.404888165089458,-0.0826844950008211,-0.048952239838218385,0.0,0.0,0.0,-0.49775181872378227,0.5665070454620487,-0.24433888871261047,0.8069465847859291,-0.7716901048850686,-1.8963196577305768,3.1987906906197883,-4.052838759454821,16.0
Sanju Samson,WK-Batter,Indian,2019,8.03,-0.7716901048850686,WK-Batter,Indian,RR,1.367691703522595,-0.12972705751005792,-1.0270127875766715,0.5642683312598381,0.0,1.4958716586215917,-1.9335420626851518,-0.3054664246639418,-0.04327110357248015,-0.17053833877115432,0.8929740782932883,0.6765194472256528,1.5174413538630693,0.3146706899977936,-0.1335615225579974,-0.11011637516770331,0.04844956549804126,-0.10629953893967904,-0.05858932243041457,0.0706308078978602,-0.2106969915486166,-0.04232905947149176,0.20519954860304615,-0.13495686417356192,-1.2751138300576736,-0.200979812351589,3.1324855713589477,1.2854574194154276,0.6630305252302099,-1.530551743384316,0.10574320801456681,-0.6158633699053578,1.2935828756723466,-0.11282732264417175,-1.427812075957775,1.4958716586215917,-0.04674513848888246,-0.5719290198427753,-0.404888165089458,-0.0826844950008211,-0.048952239838218385,0.0,0.0,0.0,0.3146706899977936,0.5665070454620487,-0.24433888871261047,-1.2392393980641052,-0.7716901048850686,-0.04199732880612681,1.4340492689102575,0.19558656808766783,8.03
Sanju Samson,WK-Batter,Indian,2020,10.0,-0.7716901048850686,WK-Batter,Indian,RR,1.2978786269917857,-0.14039543636047555,0.08310465586571454,0.5642683312598381,0.0,-1.3942151579211088,-0.6922198261222924,0.9145767596320167,-0.04327110357248015,-0.17053833877115432,0.8929740782932883,0.6765194472256528,1.5174413538630693,0.3146706899977936,-0.1335615225579974,-0.11011637516770331,0.04844956549804126,-0.10629953893967904,-0.05858932243041457,0.0706308078978602,-0.2106969915486166,-0.04232905947149176,0.20519954860304615,-0.13495686417356192,-1.2751138300576736,-0.200979812351589,3.1324855713589477,1.2854574194154276,0.6630305252302099,-0.9407597554316083,0.08410450823462094,-0.0769239552338259,1.2935828756723466,-0.11282732264417175,0.3732686224089939,-1.3942151579211093,-0.04674513848888246,-0.5719290198427753,-0.404888165089458,-0.0826844950008211,-0.048952239838218385,0.0,0.0,0.0,0.3146706899977936,0.5665070454620487,-0.24433888871261047,-1.2392393980641052,-0.7716901048850686,-0.04199732880612681,0.09222580397176945,0.19558656808766783,10.0
Sanju Samson,WK-Batter,Indian,2021,10.6,-0.7716901048850686,WK-Batter,Indian,RR,-0.02081281859017101,0.7405078458597211,0.39581379486357005,-0.3019598097012108,0.0,0.6744785633936665,0.16715710688276544,-1.6733936312988051,-0.04327110357248015,-0.17053833877115432,0.8929740782932883,0.6765194472256528,1.5174413538630693,0.3146706899977936,-0.1335615225579974,-0.11011637516770331,0.04844956549804126,-0.10629953893967904,-0.05858932243041457,0.0706308078978602,-0.2106969915486166,-0.04232905947149176,0.20519954860304615,-0.13495686417356192,-1.2751138300576736,-0.200979812351589,3.1324855713589477,1.2854574194154276,0.6630305252302099,-0.3509677674789003,-0.32462648760880386,0.3703244437090903,0.9701871567542599,-0.11282732264417175,-1.3447835331252649,0.6744785633936664,-0.04674513848888246,-0.5719290198427753,-0.404888165089458,-0.0826844950008211,-0.048952239838218385,0.0,0.0,0.0,0.3146706899977936,0.5665070454620487,-0.24433888871261047,-1.2392393980641052,-0.7716901048850686,0.41292359124134115,-0.21112372523049636,0.576580272119388,10.6
Sanju Samson,WK-Batter,Indian,2022,14.0,-0.7716901048850686,WK-Batter,Indian,RR,0.2817105130433367,0.5088516193935098,-0.46413633738053256,0.5642683312598381,0.0,-1.3485822081862244,0.7878182251641952,0.7112362289160239,-0.04327110357248015,-0.17053833877115432,0.8929740782932883,0.6765194472256528,1.5174413538630693,0.3146706899977936,-0.1335615225579974,-0.11011637516770331,0.04844956549804126,-0.10629953893967904,-0.05858932243041457,0.0706308078978602,-0.2106969915486166,-0.04232905947149176,0.20519954860304615,-0.13495686417356192,-1.2751138300576736,-0.200979812351589,3.1324855713589477,1.2854574194154276,0.6630305252302099,0.2388242204738077,-0.23085878856237116,-0.12735401388456422,1.2935828756723466,-0.11282732264417175,1.0885914529660095,-1.3485822081862249,-0.04674513848888246,-0.5719290198427753,-0.404888165089458,-0.0826844950008211,-0.048952239838218385,0.0,0.0,0.0,0.3146706899977936,0.5665070454620487,-0.24433888871261047,-1.2392393980641052,-0.7716901048850686,0.5514781861796562,0.40886071401501006,0.6791150403643098,14.0
Sanju Samson,WK-Batter,Indian,2023,14.0,-0.7716901048850686,WK-Batter,Indian,RR,0.5066637596426117,-0.3552870674903159,0.09874011281560864,0.5642683312598381,0.0,1.6784034575611302,-1.806226961499218,1.284286815479277,-0.04327110357248015,-0.17053833877115432,0.8929740782932883,0.6765194472256528,1.5174413538630693,0.3146706899977936,-0.1335615225579974,-0.11011637516770331,0.04844956549804126,-0.10629953893967904,-0.05858932243041457,0.0706308078978602,-0.2106969915486166,-0.04232905947149176,0.20519954860304615,-0.13495686417356192,-1.2751138300576736,-0.200979812351589,3.1324855713589477,1.2854574194154276,0.6630305252302099,0.8286162084265156,-0.1611340892714339,-0.14110766624385623,1.2935828756723466,-0.11282732264417175,0.021994018117603296,1.67840345756113,-0.04674513848888246,-0.5719290198427753,-0.404888165089458,-0.0826844950008211,-0.048952239838218385,0.0,0.0,0.0,0.3146706899977936,0.5665070454620487,-0.24433888871261047,-1.2392393980641052,-0.7716901048850686,1.3366208908301083,-0.34397753364024763,1.175370863232523,14.0
Sanju Samson,WK-Batter,Indian,2024,14.0,-0.7716901048850686,WK-Batter,Indian,RR,0.9022711933171986,-0.45587463950853907,-0.5266781651801024,0.5642683312598381,0.0,-1.318160241696301,-0.9627644161424022,-0.13909689953267496,-0.04327110357248015,-0.17053833877115432,0.8929740782932883,0.6765194472256528,1.5174413538630693,0.3146706899977936,-0.1335615225579974,-0.11011637516770331,0.04844956549804126,-0.10629953893967904,-0.05858932243041457,0.0706308078978602,-0.2106969915486166,-0.04232905947149176,0.20519954860304615,-0.13495686417356192,-1.2751138300576736,-0.200979812351589,3.1324855713589477,1.2854574194154276,0.6630305252302099,1.4184081963792237,-0.03851479051840658,-0.4803644244397353,1.2935828756723466,-0.11282732264417175,-0.6997156234265273,-1.3181602416963012,-0.04674513848888246,-0.5719290198427753,-0.404888165089458,-0.0826844950008211,-0.048952239838218385,0.0,0.0,0.0,0.3146706899977936,0.5665070454620487,-0.24433888871261047,-1.2392393980641052,-0.7716901048850686,1.3366208908301083,-0.34397753364024763,1.175370863232523,14.0
Ishan Kishan,WK-Batter,Indian,2019,7.48,-0.7716901048850686,WK-Batter,Indian,MI,0.8169440997795426,-0.6296168093581973,-0.4406831519556925,0.5642683312598381,0.0,0.08125021684016397,-0.1988738090267965,-1.8952196648071613,-0.3396211069420833,-0.290490243275462,-0.06688175365862088,0.044507858370108684,0.1579670810015183,-0.49775181872378227,-0.1335615225579974,-0.11011637516770331,0.04844956549804126,-0.10629953893967904,-0.05858932243041457,0.0706308078978602,-0.2106969915486166,-0.04232905947149176,0.20519954860304615,-0.13495686417356192,-2.34750370152772,-1.6028292818767516,1.3198907935349977,-0.584777760471772,-0.19941528774099446,-1.530551743384316,0.2893716186471643,-0.5460763190452441,0.32339571891808666,-0.4104307905007547,-1.7567328417942598,0.08125021684016336,-0.04674513848888246,-0.5719290198427753,-0.404888165089458,-0.0826844950008211,-0.048952239838218385,0.0,0.0,0.0,-0.49775181872378227,0.5665070454620487,-0.24433888871261047,0.8069465847859291,-0.7716901048850686,-0.16900570749958205,1.312266611201319,0.07426285026963905,7.48
Ishan Kishan,WK-Batter,Indian,2020,5.51,-0.7716901048850686,WK-Batter,Indian,MI,0.3282525640638764,0.19032430800247044,-0.4406831519556925,0.5642683312598381,0.0,0.8417993790882431,0.7719038375159532,1.154888295932736,-0.3396211069420833,-0.290490243275462,-0.06688175365862088,0.044507858370108684,0.1579670810015183,-0.49775181872378227,-0.1335615225579974,-0.11011637516770331,0.04844956549804126,-0.10629953893967904,-0.05858932243041457,0.0706308078978602,-0.2106969915486166,-0.04232905947149176,0.20519954860304615,-0.13495686417356192,-2.34750370152772,-1.6028292818767516,1.3198907935349977,-0.584777760471772,-0.19941528774099446,-0.9407597554316083,0.0810991332651839,-0.27202206092304765,0.32339571891808666,-0.4104307905007547,1.462219895712307,0.8417993790882423,-0.04674513848888246,-0.5719290198427753,-0.404888165089458,-0.0826844950008211,-0.048952239838218385,0.0,0.0,0.0,-0.49775181872378227,0.5665070454620487,-0.24433888871261047,0.8069465847859291,-0.7716901048850686,-0.16900570749958205,-0.7801808712522647,0.07426285026963905,5.51
Ishan Kishan,WK-Batter,Indian,2021,4.97,-0.7716901048850686,WK-Batter,Indian,MI,1.0186263208685478,-0.7728778967780905,0.012745099591196607,0.5642683312598381,0.0,-0.2838133810389138,1.424393731093867,0.15667114514513353,-0.3396211069420833,-0.290490243275462,-0.06688175365862088,0.044507858370108684,0.1579670810015183,-0.49775181872378227,-0.1335615225579974,-0.11011637516770331,0.04844956549804126,-0.10629953893967904,-0.05858932243041457,0.0706308078978602,-0.2106969915486166,-0.04232905947149176,0.20519954860304615,-0.13495686417356192,-2.34750370152772,-1.6028292818767516,1.3198907935349977,-0.584777760471772,-0.19941528774099446,-0.3509677674789003,0.37532534277306095,-0.37237278369269816,0.32339571891808666,-0.4104307905007547,0.9927892881592661,-0.28381338103891407,-0.04674513848888246,-0.5719290198427753,-0.404888165089458,-0.0826844950008211,-0.048952239838218385,0.0,0.0,0.0,-0.49775181872378227,0.5665070454620487,-0.24433888871261047,0.8069465847859291,-0.7716901048850686,-0.6239266275470501,-0.4635459612090238,-0.43613646657065913,4.97
Ishan Kishan,WK-Batter,Indian,2022,15.25,-0.7716901048850686,WK-Batter,Indian,MI,0.41357965760153237,-0.07638516325796967,-0.8393873041779578,0.5642683312598381,0.0,-0.3598682972637217,-1.3128809444037222,-1.543995111752264,-0.3396211069420833,-0.290490243275462,-0.06688175365862088,0.044507858370108684,0.1579670810015183,-0.49775181872378227,-0.1335615225579974,-0.11011637516770331,0.04844956549804126,-0.10629953893967904,-0.05858932243041457,0.0706308078978602,-0.2106969915486166,-0.04232905947149176,0.20519954860304615,-0.13495686417356192,-2.34750370152772,-1.6028292818767516,1.3198907935349977,-0.584777760471772,-0.19941528774099446,0.2388242204738077,0.11746417039537096,-0.5560095124158427,0.32339571891808666,-0.4104307905007547,-2.1239744735534423,-0.35986829726372205,-0.04674513848888246,-0.5719290198427753,-0.404888165089458,-0.0826844950008211,-0.048952239838218385,0.0,0.0,0.0,-0.49775181872378227,0.5665070454620487,-0.24433888871261047,0.8069465847859291,-0.7716901048850686,-0.7486257629915336,1.9322510504468255,-0.603313534493627,15.25
Ishan Kishan,WK-Batter,Indian,2023,15.25,-0.7716901048850686,WK-Batter,Indian,MI,0.39030863209126254,-0.21812219655637494,-0.13579174143278297,0.5642683312598381,0.0,-1.6528018730854561,-1.1855658432177871,-0.8230605028501063,-0.3396211069420833,-0.290490243275462,-0.06688175365862088,0.044507858370108684,0.1579670810015183,-0.49775181872378227,-0.1335615225579974,-0.11011637516770331,0.04844956549804126,-0.10629953893967904,-0.05858932243041457,0.0706308078978602,-0.2106969915486166,-0.04232905947149176,0.20519954860304615,-0.13495686417356192,-2.34750370152772,-1.6028292818767516,1.3198907935349977,-0.584777760471772,-0.19941528774099446,0.8286162084265156,0.10754643299622904,-0.2595418948933182,0.32339571891808666,-0.4104307905007547,-1.4246186704642174,-1.6528018730854563,-0.04674513848888246,-0.5719290198427753,-0.404888165089458,-0.0826844950008211,-0.048952239838218385,0.0,0.0,0.0,-0.49775181872378227,0.5665070454620487,-0.24433888871261047,0.8069465847859291,-0.7716901048850686,1.6252762969515981,-0.34397753364024763,1.3299027305939208,15.25
Ishan Kishan,WK-Batter,Indian,2024,15.25,-0.7716901048850686,WK-Batter,Indian,MI,-0.29230811620998565,0.07602024889085325,0.46617335113808794,-0.3019598097012108,0.0,0.9939092115378589,-0.055644320192620576,-0.8230605028501063,-0.3396211069420833,-0.290490243275462,-0.06688175365862088,0.044507858370108684,0.1579670810015183,-0.49775181872378227,-0.1335615225579974,-0.11011637516770331,0.04844956549804126,-0.10629953893967904,-0.05858932243041457,0.0706308078978602,-0.2106969915486166,-0.04232905947149176,0.20519954860304615,-0.13495686417356192,-2.34750370152772,-1.6028292818767516,1.3198907935349977,-0.584777760471772,-0.19941528774099446,1.4184081963792237,-0.18337386404526737,0.13294659187833877,0.0,-0.4104307905007547,-0.744423300336342,0.9939092115378583,-0.04674513848888246,-0.5719290198427753,-0.404888165089458,-0.0826844950008211,-0.048952239838218385,0.0,0.0,0.0,-0.49775181872378227,0.5665070454620487,-0.24433888871261047,0.8069465847859291,-0.7716901048850686,1.6252762969515981,-0.34397753364024763,1.3299027305939208,15.25
Dinesh Karthik,WK-Batter,Indian,2019,10.48,-0.7716901048850686,WK-Batter,Indian,RCB,-0.09838290362440376,-0.4589227477515154,0.2550946823145364,-0.3019598097012108,0.0,-1.6071689233505713,1.7108527087622187,-1.3406545810362709,-0.7122249123483104,-0.37353386947075173,1.303984470272696,0.1235093069770517,-0.5217700554292573,1.6687082045337533,-0.1335615225579974,-0.11011637516770331,0.04844956549804126,-0.10629953893967904,-0.05858932243041457,0.0706308078978602,-0.2106969915486166,-0.04232905947149176,0.20519954860304615,-0.13495686417356192,-0.10815201130450994,-0.11271521612222805,0.07529806590472743,-0.023707206505612106,0.37554858757314175,-1.530551743384316,-0.5552890165130895,-0.18338741238538317,-0.48509357837712996,-0.75675323092097,-0.1280960400796283,-1.6071689233505717,-0.04674513848888246,-0.5719290198427753,-0.404888165089458,-0.0826844950008211,-0.048952239838218385,0.0,0.0,0.0,1.6687082045337533,0.5665070454620487,-0.24433888871261047,-1.2392393980641052,-0.7716901048850686,0.5237672671919933,1.976535653250076,0.6590391122542316,10.48
Dinesh Karthik,WK-Batter,Indian,2020,9.27,-0.7716901048850686,WK-Batter,Indian,RCB,0.010215215423522089,-0.8429843863665492,0.3254542385890521,-0.3019598097012108,0.0,-1.105206476266839,0.1353283315862814,-1.2112560614897299,-0.7122249123483104,-0.37353386947075173,1.303984470272696,0.1235093069770517,-0.5217700554292573,1.6687082045337533,-0.1335615225579974,-0.11011637516770331,0.04844956549804126,-0.10629953893967904,-0.05858932243041457,0.0706308078978602,-0.2106969915486166,-0.04232905947149176,0.20519954860304615,-0.13495686417356192,-0.10815201130450994,-0.11271521612222805,0.07529806590472743,-0.023707206505612106,0.37554858757314175,-0.9407597554316083,-0.5321476292484251,-0.27737070350721665,-0.48509357837712996,-0.75675323092097,-0.9647682793918515,-1.1052064762668394,-0.04674513848888246,-0.5719290198427753,-0.404888165089458,-0.0826844950008211,-0.048952239838218385,0.0,0.0,0.0,1.6687082045337533,0.5665070454620487,-0.24433888871261047,-1.2392393980641052,-0.7716901048850686,0.5237672671919933,-0.611899380599913,0.6590391122542316,9.27
Dinesh Karthik,WK-Batter,Indian,2021,8.9,-0.7716901048850686,WK-Batter,Indian,RCB,0.21189743651252724,-1.3626868417940354,-0.08106764210815916,-0.3019598097012108,0.0,0.9634872450479364,1.8699965852446379,-1.0264010335660998,-0.7122249123483104,-0.37353386947075173,1.303984470272696,0.1235093069770517,-0.5217700554292573,1.6687082045337533,-0.1335615225579974,-0.11011637516770331,0.04844956549804126,-0.10629953893967904,-0.05858932243041457,0.0706308078978602,-0.2106969915486166,-0.04232905947149176,0.20519954860304615,-0.13495686417356192,-0.10815201130450994,-0.11271521612222805,0.07529806590472743,-0.023707206505612106,0.37554858757314175,-0.3509677674789003,-0.4891707671854767,-0.6497381062717618,-0.48509357837712996,-0.75675323092097,0.23914559167955418,0.9634872450479359,-0.04674513848888246,-0.5719290198427753,-0.404888165089458,-0.0826844950008211,-0.048952239838218385,0.0,0.0,0.0,1.6687082045337533,0.5665070454620487,-0.24433888871261047,-1.2392393980641052,-0.7716901048850686,0.24434883406639107,-0.42590404882626076,0.4440081361575586,8.9
Dinesh Karthik,WK-Batter,Indian,2022,11.51,-0.7716901048850686,WK-Batter,Indian,RCB,0.44460769161522545,-0.277560307294416,-0.16706265533256898,-0.3019598097012108,0.0,0.05082825035024145,-0.15113064608207044,0.8406347484625649,-0.7122249123483104,-0.37353386947075173,1.303984470272696,0.1235093069770517,-0.5217700554292573,1.6687082045337533,-0.1335615225579974,-0.11011637516770331,0.04844956549804126,-0.10629953893967904,-0.05858932243041457,0.0706308078978602,-0.2106969915486166,-0.04232905947149176,0.20519954860304615,-0.13495686417356192,-0.10815201130450994,-0.11271521612222805,0.07529806590472743,-0.023707206505612106,0.37554858757314175,0.2388242204738077,-0.4395820801897671,-0.32907424848751893,-0.48509357837712996,-0.75675323092097,0.6351278728807596,0.050828250350241015,-0.04674513848888246,-0.5719290198427753,-0.404888165089458,-0.0826844950008211,-0.048952239838218385,0.0,0.0,0.0,1.6687082045337533,0.5665070454620487,-0.24433888871261047,-1.2392393980641052,-0.7716901048850686,0.15890683385443027,0.23393653294217062,0.37316939680055283,11.51
Dinesh Karthik,WK-Batter,Indian,2023,9.19,-0.7716901048850686,WK-Batter,Indian,RCB,0.5842338446768444,-1.402312248952729,-0.46413633738053256,-0.3019598097012108,0.0,0.08125021684016397,1.090191590480789,0.06424363118331845,-0.7122249123483104,-0.37353386947075173,1.303984470272696,0.1235093069770517,-0.5217700554292573,1.6687082045337533,-0.1335615225579974,-0.11011637516770331,0.04844956549804126,-0.10629953893967904,-0.05858932243041457,0.0706308078978602,-0.2106969915486166,-0.04232905947149176,0.20519954860304615,-0.13495686417356192,-0.10815201130450994,-0.11271521612222805,0.07529806590472743,-0.023707206505612106,0.37554858757314175,0.8286162084265156,-0.4098288679923413,-0.8501848545451539,-0.48509357837712996,-0.75675323092097,0.7117696047261535,0.08125021684016336,-0.04674513848888246,-0.5719290198427753,-0.404888165089458,-0.0826844950008211,-0.048952239838218385,0.0,0.0,0.0,1.6687082045337533,0.5665070454620487,-0.24433888871261047,-1.2392393980641052,-0.7716901048850686,0.7616193218361007,-0.8576789261579528,0.8249215171663365,9.19
Dinesh Karthik,WK-Batter,Indian,2024,11.85,-0.7716901048850686,WK-Batter,Indian,RCB,0.6618039297110772,-0.9237592548054255,-0.15924492685762304,-0.3019598097012108,0.0,-0.6945099286528764,-1.885798899740427,-0.5457779609646611,-0.7122249123483104,-0.37353386947075173,1.303984470272696,0.1235093069770517,-0.5217700554292573,1.6687082045337533,-0.1335615225579974,-0.11011637516770331,0.04844956549804126,-0.10629953893967904,-0.05858932243041457,0.0706308078978602,-0.2106969915486166,-0.04232905947149176,0.20519954860304615,-0.13495686417356192,-0.10815201130450994,-0.11271521612222805,0.07529806590472743,-0.023707206505612106,0.37554858757314175,1.4184081963792237,-0.3932993056604381,-0.5412370709929013,-0.48509357837712996,-0.75675323092097,-1.6066427835970294,-0.6945099286528772,-0.04674513848888246,-0.5719290198427753,-0.404888165089458,-0.0826844950008211,-0.048952239838218385,0.0,0.0,0.0,1.6687082045337533,0.5665070454620487,-0.24433888871261047,-1.2392393980641052,-0.7716901048850686,0.2258748880746157,0.2450076836429834,0.4289103646731473,11.85
Nicholas Pooran,WK-Batter,Overseas,2019,5.28,1.295856968580587,WK-Batter,Overseas,LSG,0.16535538549198758,-0.1541119234538696,1.8655467481534918,0.5642683312598381,0.0,1.6327705078262458,-1.47202482088614,-0.3239519274563051,-0.07099975885852496,1.4626529764028657,-0.5851664816326537,-0.3504993846646064,-0.5217700554292573,-1.0393668245381662,-0.1335615225579974,-0.11011637516770331,0.04844956549804126,-0.10629953893967904,-0.05858932243041457,0.0706308078978602,-0.2106969915486166,-0.04232905947149176,0.20519954860304615,-0.13495686417356192,-0.10815201130450994,-0.11271521612222805,0.07529806590472743,-0.023707206505612106,-0.48689722539806257,-1.530551743384316,0.3521839555083965,1.4657773844001396,-0.16169785945904333,0.4395431238541787,-1.1659528254860105,1.6327705078262453,-0.04674513848888246,-0.5719290198427753,-0.404888165089458,-0.0826844950008211,-0.048952239838218385,0.0,0.0,0.0,-1.0393668245381662,-1.7652031126716006,-0.24433888871261047,0.8069465847859291,1.295856968580587,-0.6770392222734041,0.8251359803655642,-0.5055797727221786,5.28
Nicholas Pooran,WK-Batter,Overseas,2020,4.86,1.295856968580587,WK-Batter,Overseas,LSG,0.630775895697384,-0.8155514121797611,1.7639162779791877,0.5642683312598381,0.0,1.4958716586215917,-1.5993399220720739,1.339743323856366,-0.07099975885852496,1.4626529764028657,-0.5851664816326537,-0.3504993846646064,-0.5217700554292573,-1.0393668245381662,-0.1335615225579974,-0.11011637516770331,0.04844956549804126,-0.10629953893967904,-0.05858932243041457,0.0706308078978602,-0.2106969915486166,-0.04232905947149176,0.20519954860304615,-0.13495686417356192,-0.10815201130450994,-0.11271521612222805,0.07529806590472743,-0.023707206505612106,-0.48689722539806257,-0.9407597554316083,0.6166569528188478,1.195034190734809,-0.16169785945904333,0.4395431238541787,0.19443791476974057,1.4958716586215917,-0.04674513848888246,-0.5719290198427753,-0.404888165089458,-0.0826844950008211,-0.048952239838218385,0.0,0.0,0.0,-1.0393668245381662,-1.7652031126716006,-0.24433888871261047,0.8069465847859291,1.295856968580587,-0.6770392222734041,-0.43697519952707353,-0.5055797727221786,4.86
Nicholas Pooran,WK-Batter,Overseas,2021,4.52,1.295856968580587,WK-Batter,Overseas,LSG,0.2196544450159505,0.19032430800247044,1.154133456933371,0.5642683312598381,0.0,-0.48155616322341394,1.137934753425514,1.0994317875556467,-0.07099975885852496,1.4626529764028657,-0.5851664816326537,-0.3504993846646064,-0.5217700554292573,-1.0393668245381662,-0.1335615225579974,-0.11011637516770331,0.04844956549804126,-0.10629953893967904,-0.05858932243041457,0.0706308078978602,-0.2106969915486166,-0.04232905947149176,0.20519954860304615,-0.13495686417356192,-0.10815201130450994,-0.11271521612222805,0.07529806590472743,-0.023707206505612106,-0.48689722539806257,-0.3509677674789003,0.3830391385279491,1.2332387806217338,-0.16169785945904333,0.4395431238541787,1.6346637923644443,-0.481556163223414,-0.04674513848888246,-0.5719290198427753,-0.404888165089458,-0.0826844950008211,-0.048952239838218385,0.0,0.0,0.0,-1.0393668245381662,-1.7652031126716006,-0.24433888871261047,0.8069465847859291,1.295856968580587,-0.7740274387302246,-0.41926135840577355,-0.6392178568320103,4.52
Nicholas Pooran,WK-Batter,Overseas,2022,3.44,1.295856968580587,WK-Batter,Overseas,LSG,0.33600957256729963,-0.16782841054726363,1.2010398277830487,0.5642683312598381,0.0,-0.268602397793952,0.4058729216063924,-1.821277653637709,-0.07099975885852496,1.4626529764028657,-0.5851664816326537,-0.3504993846646064,-0.5217700554292573,-1.0393668245381662,-0.1335615225579974,-0.11011637516770331,0.04844956549804126,-0.10629953893967904,-0.05858932243041457,0.0706308078978602,-0.2106969915486166,-0.04232905947149176,0.20519954860304615,-0.13495686417356192,-0.10815201130450994,-0.11271521612222805,0.07529806590472743,-0.023707206505612106,-0.48689722539806257,0.2388242204738077,0.44915738785556186,1.1364538195748606,-0.16169785945904333,0.4395431238541787,-1.3288165056574741,-0.2686023977939525,-0.04674513848888246,-0.5719290198427753,-0.404888165089458,-0.0826844950008211,-0.048952239838218385,0.0,0.0,0.0,-1.0393668245381662,-1.7652031126716006,-0.24433888871261047,0.8069465847859291,1.295856968580587,-0.85254170919527,-0.5831143887778,-0.7546142417875901,3.44
Nicholas Pooran,WK-Batter,Overseas,2023,4.05,1.295856968580587,WK-Batter,Overseas,LSG,-0.013055810086747737,0.143078630236335,1.2948525694824047,0.5642683312598381,0.0,1.343761826171976,-1.7584837985544919,-0.3978939386257569,-0.07099975885852496,1.4626529764028657,-0.5851664816326537,-0.3504993846646064,-0.5217700554292573,-1.0393668245381662,-0.1335615225579974,-0.11011637516770331,0.04844956549804126,-0.10629953893967904,-0.05858932243041457,0.0706308078978602,-0.2106969915486166,-0.04232905947149176,0.20519954860304615,-0.13495686417356192,-0.10815201130450994,-0.11271521612222805,0.07529806590472743,-0.023707206505612106,-0.48689722539806257,0.8286162084265156,0.25080263987272344,1.2862158119315998,-0.16169785945904333,0.4395431238541787,-1.4022648320093107,1.3437618261719757,-0.04674513848888246,-0.5719290198427753,-0.404888165089458,-0.0826844950008211,-0.048952239838218385,0.0,0.0,0.0,-1.0393668245381662,-1.7652031126716006,-0.24433888871261047,0.8069465847859291,1.295856968580587,-1.101939980084237,-0.20890949509033377,-1.174955051149049,4.05
Nicholas Pooran,WK-Batter,Overseas,2024,3.36,1.295856968580587,WK-Batter,Overseas,LSG,-0.4552052947818744,-0.8521287110954784,1.9593594898528475,-0.3019598097012108,0.0,-1.044362543286993,0.7400750622194692,-1.2667125698668187,-0.07099975885852496,1.4626529764028657,-0.5851664816326537,-0.3504993846646064,-0.5217700554292573,-1.0393668245381662,-0.1335615225579974,-0.11011637516770331,0.04844956549804126,-0.10629953893967904,-0.05858932243041457,0.0706308078978602,-0.2106969915486166,-0.04232905947149176,0.20519954860304615,-0.13495686417356192,-0.10815201130450994,-0.11271521612222805,0.07529806590472743,-0.023707206505612106,-0.48689722539806257,1.4184081963792237,-0.0004467075722053032,1.2783201966883015,-0.48509357837712996,0.4395431238541787,-0.6486211355295987,-1.044362543286993,-0.04674513848888246,-0.5719290198427753,-0.404888165089458,-0.0826844950008211,-0.048952239838218385,0.0,0.0,0.0,-1.0393668245381662,-1.7652031126716006,-0.24433888871261047,0.8069465847859291,1.295856968580587,-0.96107614189695,-0.4967594133114616,-0.9264191705656347,3.36
Prithvi Shaw,Batter,Indian,2019,5.23,-0.7716901048850686,Batter,Indian,DC,0.3980656405946858,-1.0441595304029954,-0.19833356923235496,0.5642683312598381,0.0,-0.37507928050868294,-0.4216752361021814,1.9127939104196199,-0.3136254926114166,0.7983039668405532,-0.47851583363799716,-0.4295008332715494,-0.5217700554292573,-1.0393668245381662,-0.1335615225579974,-0.11011637516770331,0.04844956549804126,-0.10629953893967904,-0.05858932243041457,0.0706308078978602,-0.2106969915486166,-0.04232905947149176,0.20519954860304615,-0.13495686417356192,-0.10815201130450994,-0.11271521612222805,0.07529806590472743,-0.023707206505612106,-1.3493430383692668,-1.530551743384316,0.4844204541636221,-0.11538324238666092,-0.16169785945904333,-0.021854849155881782,1.3983517858411452,-0.37507928050868367,-0.04674513848888246,-0.5719290198427753,-0.404888165089458,-0.0826844950008211,-0.048952239838218385,0.0,0.0,0.0,-1.0393668245381662,-1.7652031126716006,-0.24433888871261047,0.8069465847859291,-0.7716901048850686,-0.6885854385182636,0.8140648296647517,-0.5210124503393943,5.23
Prithvi Shaw,Batter,Indian,2020,4.7,-0.7716901048850686,Batter,Indian,DC,0.9720842698480081,-0.21355003419191063,0.7397938477612115,0.5642683312598381,0.0,0.3094149655145877,1.058362815184305,-0.3794084358333943,-0.3136254926114166,0.7983039668405532,-0.47851583363799716,-0.4295008332715494,-0.5217700554292573,-1.0393668245381662,-0.1335615225579974,-0.11011637516770331,0.04844956549804126,-0.10629953893967904,-0.05858932243041457,0.0706308078978602,-0.2106969915486166,-0.04232905947149176,0.20519954860304615,-0.13495686417356192,-0.10815201130450994,-0.11271521612222805,0.07529806590472743,-0.023707206505612106,-1.3493430383692668,-0.9407597554316083,0.8106038175131786,0.620691856101396,-0.16169785945904333,-0.021854849155881782,0.3094005125378321,0.3094149655145873,-0.04674513848888246,-0.5719290198427753,-0.404888165089458,-0.0826844950008211,-0.048952239838218385,0.0,0.0,0.0,-1.0393668245381662,-1.7652031126716006,-0.24433888871261047,0.8069465847859291,-0.7716901048850686,-0.6885854385182636,-0.46133173106886133,-0.5210124503393943,4.7
Prithvi Shaw,Batter,Indian,2021,5.99,-0.7716901048850686,Batter,Indian,DC,0.8169440997795426,0.25738268934795216,1.2323107416828347,0.5642683312598381,0.0,0.2789929990246652,0.18307149453100632,-1.1557995531126406,-0.3136254926114166,0.7983039668405532,-0.47851583363799716,-0.4295008332715494,-0.5217700554292573,-1.0393668245381662,-0.1335615225579974,-0.11011637516770331,0.04844956549804126,-0.10629953893967904,-0.05858932243041457,0.0706308078978602,-0.2106969915486166,-0.04232905947149176,0.20519954860304615,-0.13495686417356192,-0.10815201130450994,-0.11271521612222805,0.07529806590472743,-0.023707206505612106,-1.3493430383692668,-0.3509677674789003,0.7224461517430283,1.0187836827231378,-0.16169785945904333,-0.021854849155881782,-0.8881265475464564,0.27899299902466496,-0.04674513848888246,-0.5719290198427753,-0.404888165089458,-0.0826844950008211,-0.048952239838218385,0.0,0.0,0.0,-1.0393668245381662,-1.7652031126716006,-0.24433888871261047,0.8069465847859291,-0.7716901048850686,-0.8109753307137753,-0.058341845559282214,-0.692663974083656,5.99
Prithvi Shaw,Batter,Indian,2022,4.94,-0.7716901048850686,Batter,Indian,DC,0.7161029892350401,0.41131215561826306,0.39581379486357005,0.5642683312598381,0.0,1.1612300272324365,-1.965370837981636,-0.8415460056424696,-0.3136254926114166,0.7983039668405532,-0.47851583363799716,-0.4295008332715494,-0.5217700554292573,-1.0393668245381662,-0.1335615225579974,-0.11011637516770331,0.04844956549804126,-0.10629953893967904,-0.05858932243041457,0.0706308078978602,-0.2106969915486166,-0.04232905947149176,0.20519954860304615,-0.13495686417356192,-0.10815201130450994,-0.11271521612222805,0.07529806590472743,-0.023707206505612106,-1.3493430383692668,0.2388242204738077,0.6651436689924306,0.6614434186474459,-0.16169785945904333,-0.021854849155881782,-1.91001630548505,1.1612300272324358,-0.04674513848888246,-0.5719290198427753,-0.404888165089458,-0.0826844950008211,-0.048952239838218385,0.0,0.0,0.0,-1.0393668245381662,-1.7652031126716006,-0.24433888871261047,0.8069465847859291,-0.7716901048850686,-0.5130829515963978,-0.5764716983573124,-0.2987902004013156,4.94
Prithvi Shaw,Batter,Indian,2023,4.3,-0.7716901048850686,Batter,Indian,DC,-0.16819598015521323,-0.5732268068631327,1.2557639271076726,-0.3019598097012108,0.0,-0.10128158209937436,1.169763528721998,-1.3776255866209968,-0.3136254926114166,0.7983039668405532,-0.47851583363799716,-0.4295008332715494,-0.5217700554292573,-1.0393668245381662,-0.1335615225579974,-0.11011637516770331,0.04844956549804126,-0.10629953893967904,-0.05858932243041457,0.0706308078978602,-0.2106969915486166,-0.04232905947149176,0.20519954860304615,-0.13495686417356192,-0.10815201130450994,-0.11271521612222805,0.07529806590472743,-0.023707206505612106,-1.3493430383692668,0.8286162084265156,0.16264497410257311,0.7526250398442369,-0.48509357837712996,-0.021854849155881782,-0.4857574553581361,-0.10128158209937493,-0.04674513848888246,-0.5719290198427753,-0.404888165089458,-0.0826844950008211,-0.048952239838218385,0.0,0.0,0.0,-1.0393668245381662,-1.7652031126716006,-0.24433888871261047,0.8069465847859291,-0.7716901048850686,-0.7555534927384492,-0.4856882626106492,-0.6130395887646366,4.3
Prithvi Shaw,Batter,Indian,2024,4.06,-0.7716901048850686,Batter,Indian,DC,0.3437665810707229,0.47684648284225795,1.2244930132078866,0.5642683312598381,0.0,-1.2116833589815699,1.424393731093867,-0.9154880168119214,-0.3136254926114166,0.7983039668405532,-0.47851583363799716,-0.4295008332715494,-0.5217700554292573,-1.0393668245381662,-0.1335615225579974,-0.11011637516770331,0.04844956549804126,-0.10629953893967904,-0.05858932243041457,0.0706308078978602,-0.2106969915486166,-0.04232905947149176,0.20519954860304615,-0.13495686417356192,-0.10815201130450994,-0.11271521612222805,0.07529806590472743,-0.023707206505612106,-1.3493430383692668,1.4184081963792237,0.4535652711440695,1.0883160363173356,-0.16169785945904333,-0.021854849155881782,0.06670169502741691,-1.2116833589815705,-0.04674513848888246,-0.5719290198427753,-0.404888165089458,-0.0826844950008211,-0.048952239838218385,0.0,0.0,0.0,-1.0393668245381662,-1.7652031126716006,-0.24433888871261047,0.8069465847859291,-0.7716901048850686,-0.9033450606726521,-0.3971190570041482,-0.8331344705482645,4.06
Devdutt Padikkal,Batter,Indian,2020,3.57,-0.7716901048850686,Batter,Indian,RR,1.0496543548822408,0.26957512231985775,-0.10452082753299921,1.430496472220887,0.0,1.8000913235208233,1.5676232199280429,-0.8045750000577434,0.4506455687101922,-0.742616652560926,-0.7972204016220293,-0.4295008332715494,0.1579670810015183,-1.58098183035255,-0.1335615225579974,-0.11011637516770331,0.04844956549804126,-0.10629953893967904,-0.05858932243041457,0.0706308078978602,-0.2106969915486166,-0.04232905947149176,0.20519954860304615,-0.13495686417356192,-0.10815201130450994,-0.11271521612222805,0.07529806590472743,-0.023707206505612106,0.6630305252302099,-0.9407597554316083,1.7869499659175947,-0.2684562992002674,0.6467914378361733,0.0939187352024434,0.2487258081602277,1.8000913235208227,-0.04674513848888246,-0.5719290198427753,-0.404888165089458,-0.0826844950008211,-0.048952239838218385,0.0,0.0,0.0,-1.58098183035255,-1.7652031126716006,-0.24433888871261047,0.8069465847859291,-0.7716901048850686,-1.071919817847602,0.44650262639777283,-1.1192396864179974,3.57
Devdutt Padikkal,Batter,Indian,2021,3.56,-0.7716901048850686,Batter,Indian,RR,0.7238599977384633,0.7191710881588859,-1.4882587675985088,1.430496472220887,0.0,0.8874323288231285,1.4880512816868339,1.2658013126869143,0.4506455687101922,-0.742616652560926,-0.7972204016220293,-0.4295008332715494,0.1579670810015183,-1.58098183035255,-0.1335615225579974,-0.11011637516770331,0.04844956549804126,-0.10629953893967904,-0.05858932243041457,0.0706308078978602,-0.2106969915486166,-0.04232905947149176,0.20519954860304615,-0.13495686417356192,-0.10815201130450994,-0.11271521612222805,0.07529806590472743,-0.023707206505612106,0.6630305252302099,-0.3509677674789003,1.5092533187416208,-0.7944061533102452,0.6467914378361733,0.0939187352024434,1.9891318021493944,0.887432328823128,-0.04674513848888246,-0.5719290198427753,-0.404888165089458,-0.0826844950008211,-0.048952239838218385,0.0,0.0,0.0,-1.58098183035255,-1.7652031126716006,-0.24433888871261047,0.8069465847859291,-0.7716901048850686,-1.071919817847602,-0.34619176378041006,-1.1192396864179974,3.56
Devdutt Padikkal,Batter,Indian,2022,3.15,-0.7716901048850686,Batter,Indian,RR,-0.09838290362440376,-0.45282653126556266,-0.11233855600794515,0.5642683312598381,0.0,0.09646120008512576,1.599451995224527,-0.08364039115558579,0.4506455687101922,-0.742616652560926,-0.7972204016220293,-0.4295008332715494,0.1579670810015183,-1.58098183035255,-0.1335615225579974,-0.11011637516770331,0.04844956549804126,-0.10629953893967904,-0.05858932243041457,0.0706308078978602,-0.2106969915486166,-0.04232905947149176,0.20519954860304615,-0.13495686417356192,-0.10815201130450994,-0.11271521612222805,0.07529806590472743,-0.023707206505612106,0.6630305252302099,0.2388242204738077,0.8083998758689249,-0.5137297662743172,0.32339571891808666,0.0939187352024434,0.8906003123654068,0.09646120008512496,-0.04674513848888246,-0.5719290198427753,-0.404888165089458,-0.0826844950008211,-0.048952239838218385,0.0,0.0,0.0,-1.58098183035255,-1.7652031126716006,-0.24433888871261047,0.8069465847859291,-0.7716901048850686,-1.074229061096574,-0.43476096938691106,-1.123468861580476,3.15
Devdutt Padikkal,Batter,Indian,2023,3.18,-0.7716901048850686,Batter,Indian,RR,-0.1449249546449434,0.22080539043223493,-0.09670309905805104,0.5642683312598381,0.0,-0.19254748156914409,1.551708832279801,-1.1188285475279147,0.4506455687101922,-0.742616652560926,-0.7972204016220293,-0.4295008332715494,0.1579670810015183,-1.58098183035255,-0.1335615225579974,-0.11011637516770331,0.04844956549804126,-0.10629953893967904,-0.05858932243041457,0.0706308078978602,-0.2106969915486166,-0.04232905947149176,0.20519954860304615,-0.13495686417356192,-0.10815201130450994,-0.11271521612222805,0.07529806590472743,-0.023707206505612106,0.6630305252302099,0.8286162084265156,0.7687289262723572,-0.2809364652299969,0.32339571891808666,0.0939187352024434,-0.03229387527288499,-0.1925474815691445,-0.04674513848888246,-0.5719290198427753,-0.404888165089458,-0.0826844950008211,-0.048952239838218385,0.0,0.0,0.0,-1.58098183035255,-1.7652031126716006,-0.24433888871261047,0.8069465847859291,-0.7716901048850686,-1.1689080343044225,-0.33733484321976,-1.305360635088642,3.18
Devdutt Padikkal,Batter,Indian,2024,2.74,-0.7716901048850686,Batter,Indian,RR,1.1737664909370134,0.0287745711247178,-1.0270127875766715,1.430496472220887,0.0,1.2981288764370906,1.1220203657772732,-0.23152441349449002,0.4506455687101922,-0.742616652560926,-0.7972204016220293,-0.4295008332715494,0.1579670810015183,-1.58098183035255,-0.1335615225579974,-0.11011637516770331,0.04844956549804126,-0.10629953893967904,-0.05858932243041457,0.0706308078978602,-0.2106969915486166,-0.04232905947149176,0.20519954860304615,-0.13495686417356192,-0.10815201130450994,-0.11271521612222805,0.07529806590472743,-0.023707206505612106,0.6630305252302099,1.4184081963792237,1.8927391648417753,-0.7997547958944156,0.6467914378361733,0.0939187352024434,0.47545759820285327,1.2981288764370902,-0.04674513848888246,-0.5719290198427753,-0.404888165089458,-0.0826844950008211,-0.048952239838218385,0.0,0.0,0.0,-1.58098183035255,-1.7652031126716006,-0.24433888871261047,0.8069465847859291,-0.7716901048850686,-1.161980304557507,-0.4414036598073986,-1.2914545651967915,2.74
Tilak Varma,Batter,Indian,2022,1.75,-0.7716901048850686,Batter,Indian,MI,1.530588882094484,1.0072173171201613,-0.4406831519556925,1.430496472220887,0.0,-0.8466197611024923,1.4562225063903498,-0.5827489665493873,0.559827148898994,-0.42889628693427734,-1.1957570336020618,-0.9035095249132076,-0.5217700554292573,-2.122596836166934,-0.1335615225579974,-0.11011637516770331,0.04844956549804126,-0.10629953893967904,-0.05858932243041457,0.0706308078978602,-0.2106969915486166,-0.04232905947149176,0.20519954860304615,-0.13495686417356192,-0.10815201130450994,-0.11271521612222805,0.07529806590472743,-0.023707206505612106,-0.19941528774099446,0.2388242204738077,5.403618204138016,-0.05629347669488648,0.16169785945904333,0.30879156214645115,0.3732686224089939,-0.8466197611024923,-0.04674513848888246,-0.5719290198427753,-0.404888165089458,-0.0826844950008211,-0.048952239838218385,0.0,0.0,0.0,-2.122596836166934,-1.7652031126716006,4.092676385936225,-1.2392393980641052,-0.7716901048850686,-1.4922020891604912,0.04351274088819381,-2.0998241445100594,1.75
Tilak Varma,Batter,Indian,2023,2.15,-0.7716901048850686,Batter,Indian,MI,0.6695609382145005,0.21775728218925852,-0.6361263638293522,0.5642683312598381,0.0,-1.804911705535072,-0.8195349273082263,-1.1188285475279147,0.559827148898994,-0.42889628693427734,-1.1957570336020618,-0.9035095249132076,-0.5217700554292573,-2.122596836166934,-0.1335615225579974,-0.11011637516770331,0.04844956549804126,-0.10629953893967904,-0.05858932243041457,0.0706308078978602,-0.2106969915486166,-0.04232905947149176,0.20519954860304615,-0.13495686417356192,-0.10815201130450994,-0.11271521612222805,0.07529806590472743,-0.023707206505612106,-0.19941528774099446,0.8286162084265156,3.935793069065011,-0.4156713188978788,-0.16169785945904333,0.30879156214645115,-1.4597461308933564,-1.8049117055350723,-0.04674513848888246,-0.5719290198427753,-0.404888165089458,-0.0826844950008211,-0.048952239838218385,0.0,0.0,0.0,-2.122596836166934,-1.7652031126716006,4.092676385936225,-1.2392393980641052,-0.7716901048850686,-1.4922020891604912,-0.25540832803374675,-2.0998241445100594,2.15
Tilak Varma,Batter,Indian,2024,2.38,-0.7716901048850686,Batter,Indian,MI,0.685074955221347,-0.1266789492670815,0.13782875519034057,0.5642683312598381,0.0,-1.2573163087164547,-0.6763054384740503,1.6355113685341747,0.559827148898994,-0.42889628693427734,-1.1957570336020618,-0.9035095249132076,-0.5217700554292573,-2.122596836166934,-0.1335615225579974,-0.11011637516770331,0.04844956549804126,-0.10629953893967904,-0.05858932243041457,0.0706308078978602,-0.2106969915486166,-0.04232905947149176,0.20519954860304615,-0.13495686417356192,-0.10815201130450994,-0.11271521612222805,0.07529806590472743,-0.023707206505612106,-0.19941528774099446,1.4184081963792237,3.9622403687960563,-0.1525690432099334,-0.16169785945904333,0.30879156214645115,1.0055629101334984,-1.2573163087164554,-0.04674513848888246,-0.5719290198427753,-0.404888165089458,-0.0826844950008211,-0.048952239838218385,0.0,0.0,0.0,-2.122596836166934,-1.7652031126716006,4.092676385936225,-1.2392393980641052,-0.7716901048850686,-1.3998323592016144,-0.2930502404165096,-1.837643286867686,2.38
Tim David,Batter,Overseas,2022,1.38,1.295856968580587,Batter,Overseas,MI,-0.5095043543058373,1.3516535485765007,2.3502459136001668,-0.3019598097012108,0.0,1.343761826171976,1.4880512816868339,1.3582288266487295,1.5909865173487847,2.0347312901926373,-1.323613073595656,-1.1405138707340365,-0.5217700554292573,-2.122596836166934,-0.1335615225579974,-0.11011637516770331,0.04844956549804126,-0.10629953893967904,-0.05858932243041457,0.0706308078978602,-0.2106969915486166,-0.04232905947149176,0.20519954860304615,-0.13495686417356192,-0.10815201130450994,-0.11271521612222805,0.07529806590472743,-0.023707206505612106,-0.19941528774099446,0.2388242204738077,1.9257982895055816,2.442796096441727,-0.48509357837712996,2.3365903075567878,2.068966939488347,1.3437618261719757,-0.04674513848888246,-0.5719290198427753,-0.404888165089458,-0.0826844950008211,-0.048952239838218385,0.0,0.0,0.0,-2.122596836166934,-1.7652031126716006,4.092676385936225,-1.2392393980641052,1.295856968580587,-1.5776440893724522,-0.038413774297819545,-2.378799219235807,1.38
Tim David,Batter,Overseas,2023,1.73,1.295856968580587,Batter,Overseas,MI,-0.29230811620998565,1.7174265377336755,0.7867002186108893,-0.3019598097012108,0.0,-0.48155616322341394,0.8355613881089201,1.2473158098945512,1.5909865173487847,2.0347312901926373,-1.323613073595656,-1.1405138707340365,-0.5217700554292573,-2.122596836166934,-0.1335615225579974,-0.11011637516770331,0.04844956549804126,-0.10629953893967904,-0.05858932243041457,0.0706308078978602,-0.2106969915486166,-0.04232905947149176,0.20519954860304615,-0.13495686417356192,-0.10815201130450994,-0.11271521612222805,0.07529806590472743,-0.023707206505612106,-0.19941528774099446,0.8286162084265156,2.2960604857402136,1.8009589863414122,-0.48509357837712996,2.3365903075567878,1.580375898973957,-0.481556163223414,-0.04674513848888246,-0.5719290198427753,-0.404888165089458,-0.0826844950008211,-0.048952239838218385,0.0,0.0,0.0,-2.122596836166934,-1.7652031126716006,4.092676385936225,-1.2392393980641052,1.295856968580587,-1.5776440893724522,-0.2664794787345593,-2.378799219235807,1.73
Tim David,Batter,Overseas,2024,1.78,1.295856968580587,Batter,Overseas,MI,0.4368506831118022,1.548256530248482,1.4043007681316544,-0.3019598097012108,0.0,1.7848803402758615,0.8833045510536461,-1.0079155307737364,1.5909865173487847,2.0347312901926373,-1.323613073595656,-1.1405138707340365,-0.5217700554292573,-2.122596836166934,-0.1335615225579974,-0.11011637516770331,0.04844956549804126,-0.10629953893967904,-0.05858932243041457,0.0706308078978602,-0.2106969915486166,-0.04232905947149176,0.20519954860304615,-0.13495686417356192,-0.10815201130450994,-0.11271521612222805,0.07529806590472743,-0.023707206505612106,-0.19941528774099446,1.4184081963792237,3.539083573099334,2.0462324534154606,-0.48509357837712996,2.3365903075567878,-0.3388608026544631,1.7848803402758613,-0.04674513848888246,-0.5719290198427753,-0.404888165089458,-0.0826844950008211,-0.048952239838218385,0.0,0.0,0.0,-2.122596836166934,-1.7652031126716006,4.092676385936225,-1.2392393980641052,1.295856968580587,-1.496820575658435,-0.332906382939435,-2.1139163070031084,1.78
Ambati Rayudu,Batter,Indian,2019,9.05,-0.7716901048850686,Batter,Indian,CSK,-0.47071931178872095,-0.5275051832184856,-0.9957418736768867,-0.3019598097012108,0.0,1.3741837926618985,-0.8195349273082263,1.7464243852883523,-0.36908280318350617,-1.2593325488871694,0.9971299742880699,0.6765194472256528,-0.5217700554292573,1.1270931987193695,-0.1335615225579974,-0.11011637516770331,0.04844956549804126,-0.10629953893967904,-0.05858932243041457,0.0706308078978602,-0.2106969915486166,-0.04232905947149176,0.20519954860304615,-0.13495686417356192,-0.10815201130450994,-0.11271521612222805,0.07529806590472743,-0.023707206505612106,-1.636824976026335,-1.530551743384316,-0.5810279064299102,-1.1843476674227758,-0.48509357837712996,-0.7579630412073127,1.015143126614173,1.374183792661898,-0.04674513848888246,-0.5719290198427753,-0.404888165089458,-0.0826844950008211,-0.048952239838218385,0.0,0.0,0.0,1.1270931987193695,0.5665070454620487,-0.24433888871261047,-1.2392393980641052,-0.7716901048850686,0.19354548258900914,1.6599007432068351,0.40220178885520647,9.05
Ambati Rayudu,Batter,Indian,2020,8.94,-0.7716901048850686,Batter,Indian,CSK,0.5687198276699978,-1.0502557468889482,-1.4882587675985088,0.5642683312598381,0.0,-1.0595735265319541,1.1220203657772732,-0.8600315084348326,-0.36908280318350617,-1.2593325488871694,0.9971299742880699,0.6765194472256528,-0.5217700554292573,1.1270931987193695,-0.1335615225579974,-0.11011637516770331,0.04844956549804126,-0.10629953893967904,-0.05858932243041457,0.0706308078978602,-0.2106969915486166,-0.04232905947149176,0.20519954860304615,-0.13495686417356192,-0.10815201130450994,-0.11271521612222805,0.07529806590472743,-0.023707206505612106,-1.636824976026335,-0.9407597554316083,-0.3278894661470497,-1.5997589081265897,-0.16169785945904333,-0.7579630412073127,-0.06742133570202394,-1.0595735265319546,-0.04674513848888246,-0.5719290198427753,-0.404888165089458,-0.0826844950008211,-0.048952239838218385,0.0,0.0,0.0,1.1270931987193695,0.5665070454620487,-0.24433888871261047,-1.2392393980641052,-0.7716901048850686,0.19354548258900914,-0.3683340651820356,0.40220178885520647,8.94
Ambati Rayudu,Batter,Indian,2021,11.35,-0.7716901048850686,Batter,Indian,CSK,0.4678787171254953,-1.1569395353931242,-1.7618792642216323,0.5642683312598381,0.0,-1.728856789310264,1.551708832279801,1.6355113685341747,-0.36908280318350617,-1.2593325488871694,0.9971299742880699,0.6765194472256528,-0.5217700554292573,1.1270931987193695,-0.1335615225579974,-0.11011637516770331,0.04844956549804126,-0.10629953893967904,-0.05858932243041457,0.0706308078978602,-0.2106969915486166,-0.04232905947149176,0.20519954860304615,-0.13495686417356192,-0.10815201130450994,-0.11271521612222805,0.07529806590472743,-0.023707206505612106,-1.636824976026335,-0.3509677674789003,-0.352447673040163,-1.7691325899586134,-0.16169785945904333,-0.7579630412073127,2.3467932174279023,-1.7288567893102644,-0.04674513848888246,-0.5719290198427753,-0.404888165089458,-0.0826844950008211,-0.048952239838218385,0.0,0.0,0.0,1.1270931987193695,0.5665070454620487,-0.24433888871261047,-1.2392393980641052,-0.7716901048850686,0.16814380685031777,0.18965193013892032,0.38095415609688976,11.35
Ambati Rayudu,Batter,Indian,2022,8.59,-0.7716901048850686,Batter,Indian,CSK,-0.5250183713126838,-0.99691385263686,-0.46413633738053256,-0.3019598097012108,0.0,-1.7592787558001872,-0.9468500284941601,0.19364215072985944,-0.36908280318350617,-1.2593325488871694,0.9971299742880699,0.6765194472256528,-0.5217700554292573,1.1270931987193695,-0.1335615225579974,-0.11011637516770331,0.04844956549804126,-0.10629953893967904,-0.05858932243041457,0.0706308078978602,-0.2106969915486166,-0.04232905947149176,0.20519954860304615,-0.13495686417356192,-0.10815201130450994,-0.11271521612222805,0.07529806590472743,-0.023707206505612106,-1.636824976026335,0.2388242204738077,-0.5942515562954328,-1.0814499719939972,-0.48509357837712996,-0.7579630412073127,-0.4027289125256238,-1.7592787558001877,-0.04674513848888246,-0.5719290198427753,-0.404888165089458,-0.0826844950008211,-0.048952239838218385,0.0,0.0,0.0,1.1270931987193695,0.5665070454620487,-0.24433888871261047,-1.2392393980641052,-0.7716901048850686,0.7246714298525501,-0.9551050523251038,0.8000701015924649,8.59
Ambati Rayudu,Batter,Indian,2023,13.52,-0.7716901048850686,Batter,Indian,CSK,-0.32333615022367873,-0.9435719583847723,-1.0661014299514036,-0.3019598097012108,0.0,-0.6184550124280684,1.0424484275360641,-1.543995111752264,-0.36908280318350617,-1.2593325488871694,0.9971299742880699,0.6765194472256528,-0.5217700554292573,1.1270931987193695,-0.1335615225579974,-0.11011637516770331,0.04844956549804126,-0.10629953893967904,-0.05858932243041457,0.0706308078978602,-0.2106969915486166,-0.04232905947149176,0.20519954860304615,-0.13495686417356192,-0.10815201130450994,-0.11271521612222805,0.07529806590472743,-0.023707206505612106,-1.636824976026335,0.8286162084265156,-0.545135142509206,-1.357796505509407,-0.48509357837712996,-0.7579630412073127,-0.7061024344136444,-0.6184550124280692,-0.04674513848888246,-0.5719290198427753,-0.404888165089458,-0.0826844950008211,-0.048952239838218385,0.0,0.0,0.0,1.1270931987193695,0.5665070454620487,-0.24433888871261047,-1.2392393980641052,-0.7716901048850686,0.08732029313630071,0.7476379254598758,0.3117489799904245,13.52
Ambati Rayudu,Batter,Indian,2024,9.11,-0.7716901048850686,Batter,Indian,CSK,0.025729232430368638,0.22385349867521132,-0.8628404896027979,-0.3019598097012108,0.0,0.6592675801487048,-0.38984646080569735,-0.9339735196042847,-0.36908280318350617,-1.2593325488871694,0.9971299742880699,0.6765194472256528,-0.5217700554292573,1.1270931987193695,-0.1335615225579974,-0.11011637516770331,0.04844956549804126,-0.10629953893967904,-0.05858932243041457,0.0706308078978602,-0.2106969915486166,-0.04232905947149176,0.20519954860304615,-0.13495686417356192,-0.10815201130450994,-0.11271521612222805,0.07529806590472743,-0.023707206505612106,-1.636824976026335,1.4184081963792237,-0.46012596480227536,-0.8682683604249639,-0.48509357837712996,-0.7579630412073127,-1.0414100112372442,0.659267580148704,-0.04674513848888246,-0.5719290198427753,-0.404888165089458,-0.0826844950008211,-0.048952239838218385,0.0,0.0,0.0,1.1270931987193695,0.5665070454620487,-0.24433888871261047,-1.2392393980641052,-0.7716901048850686,1.2257772148794561,-1.32045302545192,1.1125810140021406,9.11
Wriddhiman Saha,WK-Batter,Indian,2019,9.49,-0.7716901048850686,WK-Batter,Indian,GT,-0.7887566604290752,-1.2118054837667003,-1.7618792642216323,-1.1681879506622597,0.0,-1.7440677725552254,-0.5649047249363573,-1.9506761731842504,-0.9271219908151572,-1.2224242705781516,0.4938137583132871,-0.034493590236834334,-0.5217700554292573,1.6687082045337533,-0.1335615225579974,-0.11011637516770331,0.04844956549804126,-0.10629953893967904,-0.05858932243041457,0.0706308078978602,-0.2106969915486166,-0.04232905947149176,0.20519954860304615,-0.13495686417356192,-0.10815201130450994,-0.11271521612222805,0.07529806590472743,-0.023707206505612106,-1.0618611007121987,-1.530551743384316,-0.7024021212670281,-1.7721889571495704,-0.8084892972952167,-1.1902948837509169,-2.0249789032531416,-1.7440677725552256,-0.04674513848888246,-0.5719290198427753,-0.404888165089458,-0.0826844950008211,-0.048952239838218385,0.0,0.0,0.0,1.6687082045337533,0.5665070454620487,-0.24433888871261047,-1.2392393980641052,-0.7716901048850686,0.2951521855437734,1.757326869373986,0.48492834737839274,9.49
Wriddhiman Saha,WK-Batter,Indian,2020,7.81,-0.7716901048850686,WK-Batter,Indian,GT,-0.0828688866175572,-1.3489703547006413,-1.527347409973241,-0.3019598097012108,0.0,-0.6336659956730297,0.5968455733852932,0.04575812839095518,-0.9271219908151572,-1.2224242705781516,0.4938137583132871,-0.034493590236834334,-0.5217700554292573,1.6687082045337533,-0.1335615225579974,-0.11011637516770331,0.04844956549804126,-0.10629953893967904,-0.05858932243041457,0.0706308078978602,-0.2106969915486166,-0.04232905947149176,0.20519954860304615,-0.13495686417356192,-0.10815201130450994,-0.11271521612222805,0.07529806590472743,-0.023707206505612106,-1.0618611007121987,-0.9407597554316083,-0.5519831040467089,-1.7034206953531075,-0.48509357837712996,-1.1902948837509169,0.3988158663574593,-0.63366599567303,-0.04674513848888246,-0.5719290198427753,-0.404888165089458,-0.0826844950008211,-0.048952239838218385,0.0,0.0,0.0,1.6687082045337533,0.5665070454620487,-0.24433888871261047,-1.2392393980641052,-0.7716901048850686,0.2951521855437734,-0.7159681971875514,0.48492834737839274,7.81
Wriddhiman Saha,WK-Batter,Indian,2021,9.81,-0.7716901048850686,WK-Batter,Indian,GT,-0.04408384410044083,-1.533380903400717,-1.410081482849045,-0.3019598097012108,0.0,0.15730513306497187,0.2626434327722153,-0.7306329888882913,-0.9271219908151572,-1.2224242705781516,0.4938137583132871,-0.034493590236834334,-0.5217700554292573,1.6687082045337533,-0.1335615225579974,-0.11011637516770331,0.04844956549804126,-0.10629953893967904,-0.05858932243041457,0.0706308078978602,-0.2106969915486166,-0.04232905947149176,0.20519954860304615,-0.13495686417356192,-0.10815201130450994,-0.11271521612222805,0.07529806590472743,-0.023707206505612106,-1.0618611007121987,-0.3509677674789003,-0.5437183228807573,-1.7077505488736255,-0.48509357837712996,-1.1902948837509169,-0.472983833383904,0.15730513306497135,-0.04674513848888246,-0.5719290198427753,-0.404888165089458,-0.0826844950008211,-0.048952239838218385,0.0,0.0,0.0,1.6687082045337533,0.5665070454620487,-0.24433888871261047,-1.2392393980641052,-0.7716901048850686,-0.09280068028350895,0.09886849439225706,0.1479680227794791,9.81
Wriddhiman Saha,WK-Batter,Indian,2022,6.94,-0.7716901048850686,WK-Batter,Indian,GT,-0.46296230328529764,-1.4571781973263058,-0.8393873041779578,-0.3019598097012108,0.0,1.5719265748463997,1.7426814840587017,1.0070042735938318,-0.9271219908151572,-1.2224242705781516,0.4938137583132871,-0.034493590236834334,-0.5217700554292573,1.6687082045337533,-0.1335615225579974,-0.11011637516770331,0.04844956549804126,-0.10629953893967904,-0.05858932243041457,0.0706308078978602,-0.2106969915486166,-0.04232905947149176,0.20519954860304615,-0.13495686417356192,-0.10815201130450994,-0.11271521612222805,0.07529806590472743,-0.023707206505612106,-1.0618611007121987,0.2388242204738077,-0.6329779594730346,-1.4033873161078025,-0.48509357837712996,-1.1902948837509169,1.9188768812911154,1.5719265748463989,-0.04674513848888246,-0.5719290198427753,-0.404888165089458,-0.0826844950008211,-0.048952239838218385,0.0,0.0,0.0,1.6687082045337533,0.5665070454620487,-0.24433888871261047,-1.2392393980641052,-0.7716901048850686,0.3690479695108749,-0.9794615838668914,0.5429418823025199,6.94
Wriddhiman Saha,WK-Batter,Indian,2023,8.18,-0.7716901048850686,WK-Batter,Indian,GT,-0.1759529886586365,-0.26689192844399834,-0.7768454763783881,-0.3019598097012108,0.0,0.46152479796420354,-1.631168697368558,2.0237069271737975,-0.9271219908151572,-1.2224242705781516,0.4938137583132871,-0.034493590236834334,-0.5217700554292573,1.6687082045337533,-0.1335615225579974,-0.11011637516770331,0.04844956549804126,-0.10629953893967904,-0.05858932243041457,0.0706308078978602,-0.2106969915486166,-0.04232905947149176,0.20519954860304615,-0.13495686417356192,-0.10815201130450994,-0.11271521612222805,0.07529806590472743,-0.023707206505612106,-1.0618611007121987,0.8286162084265156,-0.5718185788449928,-0.9749865148424357,-0.48509357837712996,-1.1902948837509169,0.7660574981166406,0.46152479796420326,-0.04674513848888246,-0.5719290198427753,-0.404888165089458,-0.0826844950008211,-0.048952239838218385,0.0,0.0,0.0,1.6687082045337533,0.5665070454620487,-0.24433888871261047,-1.2392393980641052,-0.7716901048850686,-0.2937048429440656,-0.06941299626009498,-0.05276633883497169,8.18
Wriddhiman Saha,WK-Batter,Indian,2024,10.57,-0.7716901048850686,WK-Batter,Indian,GT,-0.5405323883195304,-0.33090220154650424,-0.6204909068794603,-0.3019598097012108,0.0,1.4198167423967838,-1.9494564503333938,2.005221424381435,-0.9271219908151572,-1.2224242705781516,0.4938137583132871,-0.034493590236834334,-0.5217700554292573,1.6687082045337533,-0.1335615225579974,-0.11011637516770331,0.04844956549804126,-0.10629953893967904,-0.05858932243041457,0.0706308078978602,-0.2106969915486166,-0.04232905947149176,0.20519954860304615,-0.13495686417356192,-0.10815201130450994,-0.11271521612222805,0.07529806590472743,-0.023707206505612106,-1.0618611007121987,1.4184081963792237,-0.6495075218049378,-0.9199719054052676,-0.48509357837712996,-1.1902948837509169,0.5584861410353644,1.4198167423967838,-0.04674513848888246,-0.5719290198427753,-0.404888165089458,-0.0826844950008211,-0.048952239838218385,0.0,0.0,0.0,1.6687082045337533,0.5665070454620487,-0.24433888871261047,-1.2392393980641052,-0.7716901048850686,-0.007358680071547962,0.18522346985859536,0.22739318022673155,10.57
Hardik Pandya,All-Rounder,Indian,2019,6.15,-0.7716901048850686,All-Rounder,Indian,MI,-0.19146700566548305,0.27719539292729956,0.8257888609856213,-0.3019598097012108,0.0,-1.4398481076559937,1.6471951581692519,-0.19455340790976414,-0.39507841751417294,0.6968062014907558,-0.39431795364221567,-0.6665051790923785,-0.5217700554292573,-0.22694431581659033,-0.9702851785830983,0.8179250933121608,0.8885326484910473,-1.5292238130519937,-1.435834273345335,1.2452068975981538,-0.2106969915486166,-1.288075472933005,1.1720538953716026,-0.13495686417356192,-0.10815201130450994,-0.11271521612222805,0.07529806590472743,-0.023707206505612106,-0.19941528774099446,-1.530551743384316,-0.23700311072210892,0.7847168953492535,-0.48509357837712996,-0.1316012989355042,0.8235387970006864,-1.4398481076559941,-1.2957224545517456,-0.5719290198427753,-0.404888165089458,-1.294252798859004,-0.8901824505612286,0.0,0.0,0.0,-0.22694431581659033,0.5665070454620487,-0.24433888871261047,0.8069465847859291,-0.7716901048850686,-0.4761350596128472,1.0177740025597037,-0.2550968460844037,6.15
Hardik Pandya,All-Rounder,Indian,2020,7.41,-0.7716901048850686,All-Rounder,Indian,MI,-0.33885016723052525,-0.425393557078774,0.004927371116250663,-0.3019598097012108,0.0,1.3741837926618985,-1.249223393810755,-0.8045750000577434,-0.39507841751417294,0.6968062014907558,-0.39431795364221567,-0.6665051790923785,-0.5217700554292573,-0.22694431581659033,-1.2491930639247986,-0.9447047167516931,0.7470449713553828,-1.144649684913531,-0.12417241533112533,1.584528879067127,-0.8984894697073191,-1.288075472933005,1.1720538953716026,-0.13495686417356192,-0.10815201130450994,-0.11271521612222805,0.07529806590472743,-0.023707206505612106,-0.19941528774099446,-0.9407597554316083,-0.2928362990432042,0.1487378223649368,-0.48509357837712996,-0.1316012989355042,-1.4469725089191243,1.374183792661898,-1.2957224545517456,-0.5719290198427753,-0.404888165089458,-1.4043953719370206,-0.748501572965774,0.0,0.0,0.0,-0.22694431581659033,0.5665070454620487,-0.24433888871261047,0.8069465847859291,-0.7716901048850686,-0.4761350596128472,-0.06498453597976983,-0.2550968460844037,7.41
Hardik Pandya,All-Rounder,Indian,2021,7.59,-0.7716901048850686,All-Rounder,Indian,MI,-0.028569827093594284,-0.8170754663012489,0.20818831146485628,-0.3019598097012108,0.0,-0.268602397793952,-1.869884512092185,1.8758229048348933,-0.39507841751417294,0.6968062014907558,-0.39431795364221567,-0.6665051790923785,-0.5217700554292573,-0.22694431581659033,-0.9702851785830983,-0.8824026321544439,1.8435744691567828,-0.9908200336581449,-0.2928146542186663,3.046223568471935,-0.2106969915486166,-1.288075472933005,1.1720538953716026,-0.13495686417356192,-0.10815201130450994,-0.11271521612222805,0.07529806590472743,-0.023707206505612106,-0.19941528774099446,-0.3509677674789003,-0.17529274468300354,0.11715536139174497,-0.48509357837712996,-0.1316012989355042,0.4946180311642015,-0.2686023977939525,-1.2957224545517456,-0.5719290198427753,-0.404888165089458,-1.294252798859004,-1.8465283743305478,0.0,0.0,0.0,-0.22694431581659033,0.5665070454620487,-0.24433888871261047,0.8069465847859291,-0.7716901048850686,-0.18517041024238554,-0.3041213911173223,0.058260006924546644,7.59
Hardik Pandya,All-Rounder,Indian,2022,15.0,-0.7716901048850686,All-Rounder,Indian,MI,-0.16819598015521323,0.26043079759092913,1.2323107416828347,-0.3019598097012108,0.0,-0.9530966438172231,0.5172736351440842,1.3951998322334553,-0.39507841751417294,0.6968062014907558,-0.39431795364221567,-0.6665051790923785,-0.5217700554292573,-0.22694431581659033,-1.5281009492664988,0.38700234151451746,1.3129956798980404,-0.9523626208442993,2.480413274154234,2.002155933182787,-1.5862819478660217,-1.288075472933005,1.1720538953716026,-0.13495686417356192,-0.10815201130450994,-0.11271521612222805,0.07529806590472743,-0.023707206505612106,-0.19941528774099446,0.2388242204738077,-0.2281873441450938,0.9777774229111734,-0.48509357837712996,-0.1316012989355042,1.5165077891027952,-0.9530966438172235,-1.2957224545517456,-0.5719290198427753,-0.404888165089458,-1.5145379450150374,-1.3152250833475925,0.0,0.0,0.0,-0.22694431581659033,0.5665070454620487,-0.24433888871261047,0.8069465847859291,-0.7716901048850686,-0.1436040317608911,1.2967670002201814,0.0991452035817671,15.0
Hardik Pandya,All-Rounder,Indian,2023,15.0,-0.7716901048850686,All-Rounder,Indian,MI,-0.47071931178872095,0.12478998077847664,0.7163406623363715,-1.1681879506622597,0.0,0.3246259487595495,-1.169651455569546,0.9515477652167426,-0.39507841751417294,0.6968062014907558,-0.39431795364221567,-0.6665051790923785,-0.5217700554292573,-0.22694431581659033,-0.9702851785830983,-0.35023899288626975,1.3660535588239133,-0.9139052080304525,-0.9861216363118921,1.6106305699493553,-0.8984894697073191,-1.288075472933005,1.1720538953716026,-0.13495686417356192,-0.10815201130450994,-0.11271521612222805,0.07529806590472743,-0.023707206505612106,-0.19941528774099446,0.8286162084265156,-0.34279230964628943,0.6802910163249938,-0.8084892972952167,-0.1316012989355042,0.11779618292434546,0.32462594875954887,-1.2957224545517456,-0.5719290198427753,-0.404888165089458,-1.294252798859004,-1.3683554124458868,0.0,0.0,0.0,-0.22694431581659033,0.5665070454620487,-0.24433888871261047,0.8069465847859291,-0.7716901048850686,1.5675452157273002,-0.34397753364024763,1.299970073804072,15.0
Hardik Pandya,All-Rounder,Indian,2024,15.0,-0.7716901048850686,All-Rounder,Indian,MI,-0.726700592401689,-0.05200029731415798,0.6068924636871238,-1.1681879506622597,0.0,-1.3637931914311858,-1.997199613278119,1.7464243852883523,-0.39507841751417294,0.6968062014907558,-0.39431795364221567,-0.6665051790923785,-0.5217700554292573,-0.22694431581659033,-1.5281009492664988,0.17154096561569535,0.8001028502812589,-1.2984793361689158,-1.2859300610008533,0.27944433495569027,-1.5862819478660217,-1.288075472933005,1.1720538953716026,-0.13495686417356192,-0.10815201130450994,-0.11271521612222805,0.07529806590472743,-0.023707206505612106,-0.19941528774099446,1.4184081963792237,-0.43976574199345486,0.5677148247915298,-0.8084892972952167,-0.1316012989355042,0.3062071070442746,-1.363793191431186,-1.2957224545517456,-0.5719290198427753,-0.404888165089458,-1.5145379450150374,-0.8016319020640714,0.0,0.0,0.0,-0.22694431581659033,0.5665070454620487,-0.24433888871261047,0.8069465847859291,-0.7716901048850686,1.5675452157273002,-0.34397753364024763,1.299970073804072,15.0
Ravindra Jadeja,All-Rounder,Indian,2019,17.25,-0.7716901048850686,All-Rounder,Indian,CSK,-1.1067940090694295,-0.49245193842425633,-1.1051900723261354,-1.1681879506622597,0.0,1.0699641277626668,0.19898588217924837,-0.2500099162868533,-0.6481023969993317,-1.1209265052283541,-0.036944729660120794,-1.0615124221270935,-0.5217700554292573,1.6687082045337533,-0.9702851785830983,1.3111499297070532,-1.8704770556544055,1.3166247351726348,1.037585230338604,-0.5819114641578582,-0.2106969915486166,1.5148539573553998,-1.1976871506297606,0.663537915520004,-0.10815201130450994,-0.11271521612222805,0.07529806590472743,-0.023707206505612106,-1.636824976026335,-1.530551743384316,-0.7701733268278311,-1.1688111342020922,-0.8084892972952167,-0.9361810273289519,-0.09616198514404682,1.0699641277626661,1.5214571913271975,1.7484687178050562,-0.404888165089458,0.6883135165452962,1.8725946625501326,0.0,0.0,0.0,1.6687082045337533,0.5665070454620487,-0.24433888871261047,-1.2392393980641052,-0.7716901048850686,2.087124946745982,3.4755694581401033,1.5539937176896796,17.25
Ravindra Jadeja,All-Rounder,Indian,2020,10.73,-0.7716901048850686,All-Rounder,Indian,CSK,-0.8818407624701545,-1.1188381823559184,-1.5977069662477588,-1.1681879506622597,0.0,-0.7097209118978377,0.8355613881089201,0.5263812009923938,-0.6481023969993317,-1.1209265052283541,-0.036944729660120794,-1.0615124221270935,-0.5217700554292573,1.6687082045337533,-0.1335615225579974,0.6050596376048911,-0.17262493002643417,0.23981717638493738,1.655940106259588,1.1016475977458942,0.477095486610086,1.5148539573553998,-1.1976871506297606,0.663537915520004,-0.10815201130450994,-0.11271521612222805,0.07529806590472743,-0.023707206505612106,-1.636824976026335,-0.9407597554316083,-0.7222375960653119,-1.6188612030700522,-0.8084892972952167,-0.9361810273289519,0.9576618277301272,-0.7097209118978379,1.5214571913271975,-0.5719290198427753,-0.404888165089458,1.0187412357793462,0.17242413140467922,0.0,0.0,0.0,1.6687082045337533,0.5665070454620487,-0.24433888871261047,-1.2392393980641052,-0.7716901048850686,2.087124946745982,-1.7876555850262121,1.5539937176896796,10.73
Ravindra Jadeja,All-Rounder,Indian,2021,15.65,-0.7716901048850686,All-Rounder,Indian,CSK,-0.7189435838982657,0.1110734936850826,-1.2380914564002243,-1.1681879506622597,0.0,0.9330652785580128,-1.9017132873886677,2.0606779327585234,-0.6481023969993317,-1.1209265052283541,-0.036944729660120794,-1.0615124221270935,-0.5217700554292573,1.6687082045337533,0.4242542481254032,0.9425292625066601,-0.4909722035816783,1.8165711017526374,-1.2859300610008533,0.67096969818912,-0.2106969915486166,1.5148539573553998,-1.1976871506297606,0.663537915520004,-0.10815201130450994,-0.11271521612222805,0.07529806590472743,-0.023707206505612106,-1.636824976026335,-0.3509677674789003,-0.6875255151683152,-1.0320387024069084,-0.8084892972952167,-0.9361810273289519,0.6351278728807596,0.9330652785580127,1.5214571913271975,-0.5719290198427753,-0.404888165089458,1.2390263819353795,0.49120610599445125,0.0,0.0,0.0,1.6687082045337533,0.5665070454620487,-0.24433888871261047,-1.2392393980641052,-0.7716901048850686,0.5814983484162913,0.7454236953197134,0.7006309338338177,15.65
Ravindra Jadeja,All-Rounder,Indian,2022,16.0,-0.7716901048850686,All-Rounder,Indian,CSK,-0.5793174308366468,-0.055048405557134375,-0.847205032652906,-1.1681879506622597,0.0,1.830513290010746,1.297078629907932,-1.728850139675894,-0.6481023969993317,-1.1209265052283541,-0.036944729660120794,-1.0615124221270935,-0.5217700554292573,1.6687082045337533,-0.9702851785830983,1.549974587329844,-0.27874068787818324,0.8166783685926323,2.0307006371207907,-0.39919962798225633,-0.8984894697073191,1.5148539573553998,-1.1976871506297606,0.663537915520004,-0.10815201130450994,-0.11271521612222805,0.07529806590472743,-0.023707206505612106,-1.636824976026335,0.2388242204738077,-0.6577723029708894,-0.8965397569412886,-0.8084892972952167,-0.9361810273289519,-0.7124892454007616,1.830513290010745,1.5214571913271975,1.7484687178050562,-0.404888165089458,0.6883135165452962,0.27868478960127097,0.0,0.0,0.0,1.6687082045337533,0.5665070454620487,-0.24433888871261047,-1.2392393980641052,-0.7716901048850686,1.717646026910475,-0.2664794787345594,1.3768501549088483,16.0
Ravindra Jadeja,All-Rounder,Indian,2023,16.0,-0.7716901048850686,All-Rounder,Indian,CSK,-0.897354779477001,-0.5076924796391389,-0.9644709597771018,-1.1681879506622597,0.0,1.541504608356476,-1.8539701244439428,-1.1373140503202777,-0.6481023969993317,-1.1209265052283541,-0.036944729660120794,-1.0615124221270935,-0.5217700554292573,1.6687082045337533,-0.41246940789969766,-0.4359043592074885,-1.4636999838893698,0.23981717638493738,-0.1616484684172448,-2.5525891257661275,-0.8984894697073191,1.5148539573553998,-1.1976871506297606,0.663537915520004,-0.10815201130450994,-0.11271521612222805,0.07529806590472743,-0.023707206505612106,-1.636824976026335,0.8286162084265156,-0.7255435085316925,-1.1051368177238878,-0.8084892972952167,-0.9361810273289519,-2.098427229604977,1.5415046083564756,1.5214571913271975,1.7484687178050562,-0.404888165089458,0.9085986627013295,1.4652621394632004,0.0,0.0,0.0,1.6687082045337533,0.5665070454620487,-0.24433888871261047,-1.2392393980641052,-0.7716901048850686,1.798469540624492,-0.34397753364024763,1.4170130411107567,16.0
Ravindra Jadeja,All-Rounder,Indian,2024,16.0,-0.7716901048850686,All-Rounder,Indian,CSK,-0.6879155498845726,0.01048592166685944,-1.2224559994503312,-1.1681879506622597,0.0,-0.5728220626931836,-0.5489903372881153,1.469141843402907,-0.6481023969993317,-1.1209265052283541,-0.036944729660120794,-1.0615124221270935,-0.5217700554292573,1.6687082045337533,0.4242542481254032,0.747835248140255,-0.42022836501384764,2.2011452298911007,-1.9979750696371394,-0.9212334456268315,1.1648879647687886,1.5148539573553998,-1.1976871506297606,0.663537915520004,-0.10815201130450994,-0.11271521612222805,0.07529806590472743,-0.023707206505612106,-1.636824976026335,1.4184081963792237,-0.6809136902355538,-1.0580178235300153,-0.8084892972952167,-0.9361810273289519,0.9385013947687779,-0.5728220626931844,1.5214571913271975,1.7484687178050562,2.4698178070456938,1.2390263819353795,0.4203656671967255,0.0,0.0,0.0,1.6687082045337533,0.5665070454620487,-0.24433888871261047,-1.2392393980641052,-0.7716901048850686,1.798469540624492,-0.34397753364024763,1.4170130411107567,16.0
Andre Russell,All-Rounder,Overseas,2019,12.18,1.295856968580587,All-Rounder,Overseas,KKR,-0.48623332879556747,-0.30194517323822767,3.5307229133170708,-0.3019598097012108,0.0,-0.5424000962032606,0.9787908769430961,0.9145767596320167,0.22361720355570136,3.56642484001686,-0.3244648976457154,-0.4295008332715494,-0.5217700554292573,0.5854781929049856,-0.1335615225579974,-0.2983205890552286,0.3579538592323081,-1.56768122586584,-0.23660057458948644,0.6057154709835495,-0.2106969915486166,0.1133892422111974,1.7407917464119316,-0.8844465490844887,-0.10815201130450994,-0.11271521612222805,0.07529806590472743,-0.023707206505612106,-0.7743791630551307,-1.530551743384316,-0.5139651106833315,3.1011885288263676,-0.48509357837712996,1.5135193302758807,1.3791913528797968,-0.5424000962032612,0.08296065850346158,-0.5719290198427753,-0.404888165089458,0.027458078077195563,-0.35887915957827626,0.0,0.0,0.0,0.5854781929049856,0.5665070454620487,-0.24433888871261047,-1.2392393980641052,1.295856968580587,0.9163386195172192,2.3529547770777044,0.9256460982661269,12.18
Andre Russell,All-Rounder,Overseas,2020,11.3,1.295856968580587,All-Rounder,Overseas,KKR,-0.7189435838982657,0.6079151372902456,3.780890224515357,-0.3019598097012108,0.0,-1.044362543286993,-1.694826247961525,1.7833953908730782,0.22361720355570136,3.56642484001686,-0.3244648976457154,-0.4295008332715494,-0.5217700554292573,0.5854781929049856,-0.1335615225579974,-0.9758557590503182,1.932004267366571,-1.144649684913531,0.9626331241663636,1.7411390243604985,0.477095486610086,0.1133892422111974,1.7407917464119316,-0.8844465490844887,-0.10815201130450994,-0.11271521612222805,0.07529806590472743,-0.023707206505612106,-0.7743791630551307,-0.9407597554316083,-0.5800833600109443,3.527551751964434,-0.48509357837712996,1.5135193302758807,0.5201652751126669,-1.044362543286993,0.08296065850346158,-0.5719290198427753,-0.404888165089458,0.027458078077195563,-1.935078922827705,0.0,0.0,0.0,0.5854781929049856,0.5665070454620487,-0.24433888871261047,-1.2392393980641052,1.295856968580587,0.9163386195172192,-0.5388297859745493,0.9256460982661269,11.3
Andre Russell,All-Rounder,Overseas,2021,10.7,1.295856968580587,All-Rounder,Overseas,KKR,-0.9051117879804244,0.5698137842530399,3.2023783173693237,-1.1681879506622597,0.0,1.0699641277626668,0.6764175116265022,1.4876273461952705,0.22361720355570136,3.56642484001686,-0.3244648976457154,-0.4295008332715494,-0.5217700554292573,0.5854781929049856,-0.1335615225579974,-1.2484273791632854,1.9143183077246133,-1.8753405283766107,0.4567064075037393,0.5404612437779768,0.477095486610086,0.1133892422111974,1.7407917464119316,-0.8844465490844887,-0.10815201130450994,-0.11271521612222805,0.07529806590472743,-0.023707206505612106,-0.7743791630551307,-0.3509677674789003,-0.6329779594730346,3.2321029235055616,-0.8084892972952167,1.5135193302758807,1.6921450912484899,1.0699641277626661,0.08296065850346158,-0.5719290198427753,-0.404888165089458,0.027458078077195563,-1.9173688131282736,0.0,0.0,0.0,0.5854781929049856,0.5665070454620487,-0.24433888871261047,-1.2392393980641052,1.295856968580587,0.7131252136076907,-0.4768313420499993,0.7922379704061591,10.7
Andre Russell,All-Rounder,Overseas,2022,12.0,1.295856968580587,All-Rounder,Overseas,KKR,-0.6258594818571864,0.3625424237306407,2.303339542750489,-0.3019598097012108,0.0,-0.040437649119528254,-0.3102745225644884,0.8406347484625649,0.22361720355570136,3.56642484001686,-0.3244648976457154,-0.4295008332715494,-0.5217700554292573,0.5854781929049856,-0.1335615225579974,0.10664296082689366,1.401425478107832,-1.2215645105412234,0.6253486463912803,-0.49055554607005725,-0.8984894697073191,0.1133892422111974,1.7407917464119316,-0.8844465490844887,-0.10815201130450994,-0.11271521612222805,0.07529806590472743,-0.023707206505612106,-0.7743791630551307,0.2388242204738077,-0.5536360602798992,2.723472483477655,-0.48509357837712996,1.5135193302758807,0.5393257080740151,-0.04043764911952856,0.08296065850346158,1.7484687178050562,-0.404888165089458,0.027458078077195563,-1.4037756318447527,0.0,0.0,0.0,0.5854781929049856,0.5665070454620487,-0.24433888871261047,-1.2392393980641052,1.295856968580587,0.5745706186693753,-0.056127615419119536,0.6956869677782656,12.0
Andre Russell,All-Rounder,Overseas,2023,12.0,1.295856968580587,All-Rounder,Overseas,KKR,-0.37763520974764164,0.12478998077847664,3.7887079529903027,-0.3019598097012108,0.0,-1.2573163087164547,1.472136894038592,1.2658013126869143,0.22361720355570136,3.56642484001686,-0.3244648976457154,-0.4295008332715494,-0.5217700554292573,0.5854781929049856,-0.1335615225579974,0.07030007814516548,0.7293590117134252,-1.1831070977273765,1.3936077346567464,1.3235119702448384,0.477095486610086,0.1133892422111974,1.7407917464119316,-0.8844465490844887,-0.10815201130450994,-0.11271521612222805,0.07529806590472743,-0.023707206505612106,-0.7743791630551307,0.8286162084265156,-0.4831099276637788,3.3698941443643964,-0.48509357837712996,1.5135193302758807,1.9795515856687198,-1.2573163087164554,0.08296065850346158,-0.5719290198427753,-0.404888165089458,0.027458078077195563,-0.7307914632663426,0.0,0.0,0.0,0.5854781929049856,0.5665070454620487,-0.24433888871261047,-1.2392393980641052,1.295856968580587,0.8747722410357248,-0.34397753364024763,0.8990978430971007,12.0
Andre Russell,All-Rounder,Overseas,2024,12.0,1.295856968580587,All-Rounder,Overseas,KKR,-1.1378220430831225,0.5301883770943451,3.8747029662147123,-1.1681879506622597,0.0,1.5110826418665535,0.16715710688276544,-1.2667125698668187,0.22361720355570136,3.56642484001686,-0.3244648976457154,-0.4295008332715494,-0.5217700554292573,0.5854781929049856,0.1453463627837029,-0.7006882187457993,1.1538220431204185,-1.2215645105412234,-0.10543438878806492,1.271308588480382,-0.2106969915486166,0.1133892422111974,1.7407917464119316,-0.8844465490844887,-0.10815201130450994,-0.11271521612222805,0.07529806590472743,-0.023707206505612106,-0.7743791630551307,1.4184081963792237,-0.6990962088006474,3.547418138705634,-0.8084892972952167,1.5135193302758807,-0.9935089288338732,1.5110826418665533,0.08296065850346158,-0.5719290198427753,-0.404888165089458,0.13760065115521222,-1.1558340960527065,0.0,0.0,0.0,0.5854781929049856,0.5665070454620487,-0.24433888871261047,-1.2392393980641052,1.295856968580587,0.8747722410357248,-0.34397753364024763,0.8990978430971007,12.0
Glenn Maxwell,All-Rounder,Overseas,2019,8.79,1.295856968580587,All-Rounder,Overseas,RCB,-0.812027685939345,0.42960080507612247,1.646650350854992,-0.3019598097012108,0.0,0.035617267105279654,-0.38984646080569735,-1.691879134091168,-0.11259274178759186,1.296565724012289,0.012326622337410607,0.044507858370108684,0.8377042174322938,0.5854781929049856,-1.8070088346081992,0.7140882856500775,-0.5970879614334273,0.7782209557787855,-0.04922030915888503,0.33164771672014665,-1.5862819478660217,-1.3192191332695429,-0.8185285832695418,0.9316246105073741,-0.10815201130450994,-0.11271521612222805,0.07529806590472743,-0.023707206505612106,0.37554858757314175,-1.530551743384316,-0.6065306597419895,1.4851343766095135,0.48509357837712996,0.3406016826101949,-1.6960581374166555,0.03561726710527942,-1.2915508050400313,-0.5719290198427753,-0.404888165089458,-1.6467090327086575,0.5974667641910429,0.0,0.0,0.0,0.5854781929049856,0.5665070454620487,-0.24433888871261047,-1.2392393980641052,1.295856968580587,0.1335051581157389,1.6023307595626093,0.35159802501412096,8.79
Glenn Maxwell,All-Rounder,Overseas,2020,8.68,1.295856968580587,All-Rounder,Overseas,RCB,-0.5638034138298003,-0.16325624818279877,0.9039661457350852,-0.3019598097012108,0.0,1.404605759151822,1.5835376075762848,-1.7843066480529832,-0.11259274178759186,1.296565724012289,0.012326622337410607,0.044507858370108684,0.8377042174322938,0.5854781929049856,-1.8070088346081992,0.8490761356107859,0.18109426281272525,1.7396562761249437,-1.8293328307495977,-0.5949623095989723,-1.5862819478660217,-1.3192191332695429,-0.8185285832695418,0.9316246105073741,-0.10815201130450994,-0.11271521612222805,0.07529806590472743,-0.023707206505612106,0.37554858757314175,-0.9407597554316083,-0.5360045271258691,0.9240362998035666,0.48509357837712996,0.3406016826101949,-0.5879464311519943,1.4046057591518213,-1.2915508050400313,1.7484687178050562,-0.404888165089458,-1.6467090327086575,-0.18177806258395568,0.0,0.0,0.0,0.5854781929049856,0.5665070454620487,-0.24433888871261047,-1.2392393980641052,1.295856968580587,0.1335051581157389,-0.3683340651820352,0.35159802501412096,8.68
Glenn Maxwell,All-Rounder,Overseas,2021,7.53,1.295856968580587,All-Rounder,Overseas,RCB,0.08002829195433156,-0.9161389841979842,0.3254542385890521,-0.3019598097012108,0.0,-0.19254748156914409,-0.4057608484539394,0.4894101954076672,-0.11259274178759186,1.296565724012289,0.012326622337410607,0.044507858370108684,0.8377042174322938,0.5854781929049856,-1.8070088346081992,1.1476069576392733,0.2695240610225167,0.9320506070341715,-0.9111695301396504,1.4279187337737533,-1.5862819478660217,-1.3192191332695429,-0.8185285832695418,0.9316246105073741,-0.10815201130450994,-0.11271521612222805,0.07529806590472743,-0.023707206505612106,0.37554858757314175,-0.3509677674789003,-0.353077370652807,0.38968143591846577,0.48509357837712996,0.3406016826101949,0.17847088730194982,-0.1925474815691445,-1.2915508050400313,-0.5719290198427753,-0.404888165089458,-1.6467090327086575,-0.270328611081116,0.0,0.0,0.0,0.5854781929049856,0.5665070454620487,-0.24433888871261047,-1.2392393980641052,1.295856968580587,0.10810348237704794,-0.5986139997589376,0.3297829037557867,7.53
Glenn Maxwell,All-Rounder,Overseas,2022,11.0,1.295856968580587,All-Rounder,Overseas,RCB,-0.4784763202921442,-0.8688933064318488,0.9117838742100312,-0.3019598097012108,0.0,-1.7897007222901102,1.281164242259691,1.469141843402907,-0.11259274178759186,1.296565724012289,0.012326622337410607,0.044507858370108684,0.8377042174322938,0.5854781929049856,-1.5281009492664988,1.861485010316091,-1.021550992840419,2.008858165821869,2.4616752476111747,-1.5607248722414357,-1.5862819478660217,-1.3192191332695429,-0.8185285832695418,0.9316246105073741,-0.10815201130450994,-0.11271521612222805,0.07529806590472743,-0.023707206505612106,0.37554858757314175,0.2388242204738077,-0.5117611690390778,0.6920070905569868,0.48509357837712996,0.3406016826101949,2.0402262900463244,-1.7897007222901107,-1.2915508050400313,1.7484687178050562,-0.404888165089458,-1.536566459630641,1.0225093969774053,0.0,0.0,0.0,0.5854781929049856,0.5665070454620487,-0.24433888871261047,-1.2392393980641052,1.295856968580587,-0.1574594912547225,0.4243603249961476,0.08561278119307207,11.0
Glenn Maxwell,All-Rounder,Overseas,2023,11.0,1.295856968580587,All-Rounder,Overseas,RCB,-0.30782213321683216,0.1491748467222883,1.4199362250815464,-0.3019598097012108,0.0,-1.728856789310264,0.38995853395815033,-0.4903214525875719,-0.11259274178759186,1.296565724012289,0.012326622337410607,0.044507858370108684,0.8377042174322938,0.5854781929049856,-1.8070088346081992,-0.1918878612015938,-1.216096548901958,0.701306130151093,2.086914716749972,0.10978334422120248,-1.5862819478660217,-1.3192191332695429,-0.8185285832695418,0.9316246105073741,-0.10815201130450994,-0.11271521612222805,0.07529806590472743,-0.023707206505612106,0.37554858757314175,0.8286162084265156,-0.46327445286549496,1.280612472081515,0.48509357837712996,0.3406016826101949,-0.18877074445723152,-1.7288567893102644,-1.2915508050400313,-0.5719290198427753,-0.404888165089458,-1.6467090327086575,1.2173206036711557,0.0,0.0,0.0,0.5854781929049856,0.5665070454620487,-0.24433888871261047,-1.2392393980641052,1.295856968580587,0.643847916138533,-0.34397753364024763,0.744565975735703,11.0
Glenn Maxwell,All-Rounder,Overseas,2024,11.0,1.295856968580587,All-Rounder,Overseas,RCB,-0.3543641842373718,0.5820062172249454,0.20037058298991034,-0.3019598097012108,0.0,0.7353224963735127,-0.2147881966750385,-0.5088069553799353,-0.11259274178759186,1.296565724012289,0.012326622337410607,0.044507858370108684,0.8377042174322938,0.5854781929049856,-1.5281009492664988,0.6284229193288597,-0.5794020017914682,0.2013597635710905,0.2693261420731379,-1.2214028907724626,-1.5862819478660217,-1.3192191332695429,-0.8185285832695418,0.9316246105073741,-0.10815201130450994,-0.11271521612222805,0.07529806590472743,-0.023707206505612106,0.37554858757314175,1.4184081963792237,-0.4764981027310175,0.8292889168839981,0.48509357837712996,0.3406016826101949,-0.5687859981906461,0.735322496373512,-1.2915508050400313,1.7484687178050562,-0.404888165089458,-1.536566459630641,0.57975665449161,0.0,0.0,0.0,0.5854781929049856,0.5665070454620487,-0.24433888871261047,-1.2392393980641052,1.295856968580587,0.643847916138533,-0.34397753364024763,0.744565975735703,11.0
Ben Stokes,All-Rounder,Overseas,2019,3.45,1.295856968580587,All-Rounder,Overseas,CSK,-1.3860463151926674,-0.43301382768621527,-1.3631751119993671,-1.1681879506622597,0.0,-1.0899954930218771,1.80633903465167,0.5263812009923938,-0.672364970374621,-0.7887520004471978,-1.142743553604718,-0.9825109735201506,-0.5217700554292573,-0.7685593216309743,-1.5281009492664988,1.0930926336166797,1.4367973973917472,1.9319433401941752,-0.386504786933967,0.20113926230900342,-0.8984894697073191,-1.7240867176445347,0.37582090391514417,1.6522877690755735,-0.10815201130450994,-0.11271521612222805,0.07529806590472743,-0.023707206505612106,-1.636824976026335,-1.530551743384316,-0.5980297419712964,-1.1374833704948175,-0.8084892972952167,-0.8521233209664107,1.5420550330512595,-1.0899954930218778,-1.714343399092471,-0.5719290198427753,-0.404888165089458,-1.8229371496334843,-1.4391958512436156,0.0,0.0,0.0,-0.7685593216309743,-1.7652031126716006,-0.24433888871261047,0.8069465847859291,1.295856968580587,-1.0996307368352651,0.41993186471582267,-1.1706117024338214,3.45
Ben Stokes,All-Rounder,Overseas,2020,2.97,1.295856968580587,All-Rounder,Overseas,CSK,-1.0990370005660062,-0.18916516824809892,-0.9879241452019396,-1.1681879506622597,0.0,-0.5271891129582987,0.5013592474958423,-0.6012344693417503,-0.672364970374621,-0.7887520004471978,-1.142743553604718,-0.9825109735201506,-0.5217700554292573,-0.7685593216309743,-1.8070088346081992,1.9549381372119672,0.03960658567706086,1.008965432661864,1.5435119470012268,-1.0386910545968617,-1.5862819478660217,-1.7240867176445347,0.37582090391514417,1.6522877690755735,-0.10815201130450994,-0.11271521612222805,0.07529806590472743,-0.023707206505612106,-1.636824976026335,-0.9407597554316083,-0.45823687196434354,-0.8725982139454806,-0.8084892972952167,-0.8521233209664107,-0.21751139389925553,-0.5271891129582987,-1.714343399092471,1.7484687178050562,-0.404888165089458,-1.9330797227115009,-0.040097184988501094,0.0,0.0,0.0,-0.7685593216309743,-1.7652031126716006,-0.24433888871261047,0.8069465847859291,1.295856968580587,-1.0996307368352651,-0.45026058036804867,-1.1706117024338214,2.97
Ben Stokes,All-Rounder,Overseas,2021,2.99,1.295856968580587,All-Rounder,Overseas,CSK,-0.9671678560078105,-0.41167706998538,-1.5664360523479728,-1.1681879506622597,0.0,0.568001680678935,1.6153663828727678,-0.2684954190792159,-0.672364970374621,-0.7887520004471978,-1.142743553604718,-0.9825109735201506,-0.5217700554292573,-0.7685593216309743,-1.2491930639247986,2.4144160111166824,1.24225184133021,0.8551357814064792,-0.21786254804642602,2.0152067786239014,-1.5862819478660217,-1.7240867176445347,0.37582090391514417,1.6522877690755735,-0.10815201130450994,-0.11271521612222805,0.07529806590472743,-0.023707206505612106,-1.636824976026335,-0.3509677674789003,-0.39400771547466257,-1.229683780755258,-0.8084892972952167,-0.8521233209664107,0.7405102541681764,0.5680016806789344,-1.714343399092471,-0.5719290198427753,-0.404888165089458,-1.7127945765554675,-1.2443846445498667,0.0,0.0,0.0,-0.7685593216309743,-1.7652031126716006,-0.24433888871261047,0.8069465847859291,1.295856968580587,-1.210474412785917,-0.33954907335992257,-1.3909685471496949,2.99
Ben Stokes,All-Rounder,Overseas,2022,12.5,1.295856968580587,All-Rounder,Overseas,CSK,-0.951653839000964,-0.39338842052752165,-0.800298661803226,-1.1681879506622597,0.0,-0.968307627062185,1.8699965852446379,1.8203663964578047,-0.672364970374621,-0.7887520004471978,-1.142743553604718,-0.9825109735201506,-0.5217700554292573,-0.7685593216309743,-1.5281009492664988,0.9710843846137327,0.9062186081330049,1.9319433401941752,1.1874894426830844,-0.6341148459223169,-1.5862819478660217,-1.7240867176445347,0.37582090391514417,1.6522877690755735,-0.10815201130450994,-0.11271521612222805,0.07529806590472743,-0.023707206505612106,-1.636824976026335,0.2388242204738077,-0.3864513441229353,-0.8491660654815015,-0.8084892972952167,-0.8521233209664107,2.698067821719294,-0.968307627062185,-1.714343399092471,1.7484687178050562,-0.404888165089458,-1.8229371496334843,-0.90789256026066,0.0,0.0,0.0,-0.7685593216309743,-1.7652031126716006,-0.24433888871261047,0.8069465847859291,1.295856968580587,-1.2058559262879733,1.7617553296543111,-1.3812669303039524,12.5
Ben Stokes,All-Rounder,Overseas,2023,16.25,1.295856968580587,All-Rounder,Overseas,CSK,-1.1145510175728528,-0.1144865162951754,-0.6283086353544063,-1.1681879506622597,0.0,1.9065682062355538,-0.07155870784086146,-1.9321906703918872,-0.672364970374621,-0.7887520004471978,-1.142743553604718,-0.9825109735201506,-0.5217700554292573,-0.7685593216309743,-1.5281009492664988,0.8672475769516494,0.7116730520714676,2.0857729914495615,-1.0610737424841323,0.47520701657240627,-0.8984894697073191,-1.7240867176445347,0.37582090391514417,1.6522877690755735,-0.10815201130450994,-0.11271521612222805,0.07529806590472743,-0.023707206505612106,-1.636824976026335,0.8286162084265156,-0.4657932433160707,-0.6718967684061782,-0.8084892972952167,-0.8521233209664107,-1.7120251648844462,1.9065682062355531,-1.714343399092471,-0.5719290198427753,-0.404888165089458,-1.8229371496334843,-0.7130813535669112,0.0,0.0,0.0,-0.7685593216309743,-1.7652031126716006,-0.24433888871261047,0.8069465847859291,1.295856968580587,0.9902344034843207,0.4863587689206983,0.9719599879136879,16.25
Ben Stokes,All-Rounder,Overseas,2024,16.25,1.295856968580587,All-Rounder,Overseas,CSK,-1.432588366213207,-1.3367779217287352,-0.08106764210815916,-1.1681879506622597,0.0,0.5527906974339732,0.38995853395815033,0.4709246926153046,-0.672364970374621,-0.7887520004471978,-1.142743553604718,-0.9825109735201506,-0.5217700554292573,-0.7685593216309743,-1.5281009492664988,2.6194937062492953,-0.7562615982110494,2.008858165821869,1.000109177252483,-0.24258948268888492,-1.5862819478660217,-1.7240867176445347,0.37582090391514417,1.6522877690755735,-0.10815201130450994,-0.11271521612222805,0.07529806590472743,-0.023707206505612106,-1.636824976026335,1.4184081963792237,-0.6206988560264779,-0.8129990537218814,-0.8084892972952167,-0.8521233209664107,0.6415146838678745,0.5527906974339728,-1.714343399092471,-0.5719290198427753,-0.404888165089458,-1.8229371496334843,0.756857751485929,0.0,0.0,0.0,-0.7685593216309743,-1.7652031126716006,-0.24433888871261047,0.8069465847859291,1.295856968580587,1.8562006218487899,-0.34397753364024763,1.445197741520774,16.25
Sam Curran,All-Rounder,Overseas,2019,3.92,1.295856968580587,All-Rounder,Overseas,PBKS,-1.603242553288519,-1.9189665961372389,-0.33123495330644265,-1.1681879506622597,0.0,1.8153023067657852,1.3607361805009,-0.3239519274563051,-1.7156556255120559,-0.11517592130762869,-1.3753791775930624,-1.2985167679479226,-0.5217700554292573,-1.3101743274453581,0.1453463627837029,-1.2536192195463896,0.251838101380559,-2.4137443077704597,-0.04922030915888503,0.0836816533389743,0.477095486610086,-0.6340586058657106,1.0962221818995606,-1.4898036022817767,-0.10815201130450994,-0.11271521612222805,0.07529806590472743,-0.023707206505612106,0.08806664991607366,-1.530551743384316,-0.5814057249974965,-0.8509489463428903,-0.8084892972952167,-1.5525147135044481,0.5393257080740163,1.8153023067657843,-0.6471767487143836,-0.5719290198427753,-0.404888165089458,-0.3910836996192675,-0.25261850138168457,0.0,0.0,0.0,-1.3101743274453581,-1.7652031126716006,-0.24433888871261047,0.8069465847859291,1.295856968580587,-0.991096304133585,0.5240006813034611,-0.976769125405385,3.92
Sam Curran,All-Rounder,Overseas,2020,6.12,1.295856968580587,All-Rounder,Overseas,PBKS,-1.3550182811789742,-1.6248241506900105,-0.6517618207792463,-1.1681879506622597,0.0,-0.9378856605722614,-0.7081342137705332,1.2658013126869143,-1.7156556255120559,-0.11517592130762869,-1.3753791775930624,-1.2985167679479226,-0.5217700554292573,-1.3101743274453581,1.5398857894922044,-1.2172763368646604,2.03812002521832,-2.144542418073535,1.6746781328026485,2.0152067786239014,1.8526804429274912,-0.6340586058657106,1.0962221818995606,-1.4898036022817767,-0.10815201130450994,-0.11271521612222805,0.07529806590472743,-0.023707206505612106,0.08806664991607366,-0.9407597554316083,-0.4121430067188077,-0.9092746202369283,-0.8084892972952167,-1.5525147135044481,0.6670619278163399,-0.9378856605722619,-0.6471767487143836,-0.5719290198427753,2.4698178070456938,0.15962916577081587,-2.041339581024297,0.0,0.0,0.0,-1.3101743274453581,-1.7652031126716006,-0.24433888871261047,0.8069465847859291,1.295856968580587,-0.991096304133585,0.14315309719550737,-0.976769125405385,6.12
Sam Curran,All-Rounder,Overseas,2021,5.56,1.295856968580587,All-Rounder,Overseas,PBKS,-1.3007192216550114,-1.9220147043802152,0.12219329824044647,-1.1681879506622597,0.0,1.5262936251115142,-0.5489903372881153,1.2288303071021878,-1.7156556255120559,-0.11517592130762869,-1.3753791775930624,-1.2985167679479226,-0.5217700554292573,-1.3101743274453581,0.7031621334671034,-1.1497824118843072,-0.03113725289076977,-1.952255354004303,1.262441548855325,0.05757996245674612,0.477095486610086,-0.6340586058657106,1.0962221818995606,-1.4898036022817767,-0.10815201130450994,-0.11271521612222805,0.07529806590472743,-0.023707206505612106,0.08806664991607366,-0.3509677674789003,-0.3751167870953446,-0.6303811140623891,-0.8084892972952167,-1.5525147135044481,0.7309300376875016,1.526293625111514,-0.6471767487143836,-0.5719290198427753,-0.404888165089458,-0.17079855346323414,0.030743253809224626,0.0,0.0,0.0,-1.3101743274453581,-1.7652031126716006,-0.24433888871261047,0.8069465847859291,1.295856968580587,-0.483062789359763,-0.467974421489349,-0.2632143816159178,5.56
Sam Curran,All-Rounder,Overseas,2022,18.5,1.295856968580587,All-Rounder,Overseas,PBKS,-1.1533360600899691,-1.4785149550271404,0.020562828066144772,-1.1681879506622597,0.0,-1.1964723757366087,1.551708832279801,1.0809462847632842,-1.7156556255120559,-0.11517592130762869,-1.3753791775930624,-1.2985167679479226,-0.5217700554292573,-1.3101743274453581,1.5398857894922044,-0.7474147821937365,1.2068799220462914,-1.3369367489827626,-1.735642698034297,0.5796137801013214,1.8526804429274912,-0.6340586058657106,1.0962221818995606,-1.4898036022817767,-0.10815201130450994,-0.11271521612222805,0.07529806590472743,-0.023707206505612106,0.08806664991607366,0.2388242204738077,-0.27461704811737303,-0.5318132721541246,-0.8084892972952167,-1.5525147135044481,1.8677823933941857,-1.196472375736609,-0.6471767487143836,-0.5719290198427753,2.4698178070456938,0.15962916577081587,-1.2089644251510008,0.0,0.0,0.0,-1.3101743274453581,-1.7652031126716006,-0.24433888871261047,0.8069465847859291,1.295856968580587,-0.6123804113021905,2.5212362677300564,-0.42136502733701603,18.5
Sam Curran,All-Rounder,Overseas,2023,18.5,1.295856968580587,All-Rounder,Overseas,PBKS,-1.4791304172337467,-1.5181403621858347,-1.0348305160516187,-1.1681879506622597,0.0,-0.07085961560945131,-0.9627644161424022,1.321257821064003,-1.7156556255120559,-0.11517592130762869,-1.3753791775930624,-1.2985167679479226,-0.5217700554292573,-1.3101743274453581,0.4242542481254032,-1.071904806137745,0.6232432538616761,-2.3368294821427664,0.887681017994122,0.9580882978936369,1.1648879647687886,-0.6340586058657106,1.0962221818995606,-1.4898036022817767,-0.10815201130450994,-0.11271521612222805,0.07529806590472743,-0.023707206505612106,0.08806664991607366,0.8286162084265156,-0.4967743658581522,-1.0608194934550579,-0.8084892972952167,-1.5525147135044481,0.5616795465289219,-0.07085961560945175,-0.6471767487143836,-0.5719290198427753,2.4698178070456938,-0.2809411265412508,-0.6245308050697509,0.0,0.0,0.0,-1.3101743274453581,-1.7652031126716006,-0.24433888871261047,0.8069465847859291,1.295856968580587,2.3757803528674715,-0.34397753364024763,1.6818959533434545,18.5
Sam Curran,All-Rounder,Overseas,2024,18.5,1.295856968580587,All-Rounder,Overseas,PBKS,-1.5799715277782491,-1.1767522389724716,-0.761210019428494,-1.1681879506622597,0.0,-0.08607059885441311,-1.8221413491474587,1.9867359215890716,-1.7156556255120559,-0.11517592130762869,-1.3753791775930624,-1.2985167679479226,-0.5217700554292573,-1.3101743274453581,0.4242542481254032,-0.9862394398165262,0.8708466888490896,-1.6061386386796868,0.06320785009947608,0.018427426133401526,0.477095486610086,-0.6340586058657106,1.0962221818995606,-1.4898036022817767,-0.10815201130450994,-0.11271521612222805,0.07529806590472743,-0.023707206505612106,0.08806664991607366,1.4184081963792237,-0.5655373451588694,-0.8129990537218814,-0.8084892972952167,-1.5525147135044481,0.6191608454129677,-0.08607059885441334,-0.6471767487143836,-0.5719290198427753,-0.404888165089458,-0.2809411265412508,-0.8724723408617971,0.0,0.0,0.0,-1.3101743274453581,-1.7652031126716006,-0.24433888871261047,0.8069465847859291,1.295856968580587,2.3757803528674715,-0.34397753364024763,1.6818959533434545,18.5
Axar Patel,All-Rounder,Indian,2019,9.36,-0.7716901048850686,All-Rounder,Indian,DC,-1.292962213151588,-0.7439208684698144,0.06746919891582265,-1.1681879506622597,0.0,-1.2573163087164547,-0.15113064608207044,1.3027723182716402,-0.9583167280119576,-0.7241625134064157,-1.109688089606374,-1.2195153193409796,-0.5217700554292573,0.043863187090601635,-0.691377293241398,0.38700234151451746,-0.9508071542725868,1.7396562761249437,-0.9861216363118921,-0.7776741457745742,-0.8984894697073191,0.4248258455765757,-1.5389298612539566,0.41274713633827026,-0.10815201130450994,-0.11271521612222805,0.07529806590472743,-0.023707206505612106,-1.3493430383692668,-1.530551743384316,-0.6898396538947815,-0.5155126471357045,-0.8084892972952167,-1.069576857352753,1.0343035595755223,-1.2573163087164554,0.4498563089803857,1.7484687178050562,-0.404888165089458,0.027458078077195563,0.9516689581796779,0.0,0.0,0.0,0.043863187090601635,0.5665070454620487,-0.24433888871261047,0.8069465847859291,-0.7716901048850686,0.2651320233071383,1.728541877551873,0.4608531865105671,9.36
Axar Patel,All-Rounder,Indian,2020,5.84,-0.7716901048850686,All-Rounder,Indian,DC,-1.5877285362816724,-0.23336273777125746,-0.02634354278353533,-1.1681879506622597,0.0,-0.11649256534433616,-1.9494564503333938,1.8573374020425306,-0.9583167280119576,-0.7241625134064157,-1.109688089606374,-1.2195153193409796,-0.5217700554292573,0.043863187090601635,-0.1335615225579974,1.5525705075213956,-0.5440300825075528,1.3166247351726348,2.536627353783415,0.8145289980413796,0.477095486610086,0.4248258455765757,-1.5389298612539566,0.41274713633827026,-0.10815201130450994,-0.11271521612222805,0.07529806590472743,-0.023707206505612106,-1.3493430383692668,-0.9407597554316083,-0.7903393928727531,-0.3907109868384227,-0.8084892972952167,-1.069576857352753,0.4307499212930408,-0.11649256534433654,0.4498563089803857,-0.5719290198427753,-0.404888165089458,0.2477432242332289,0.5443364350927471,0.0,0.0,0.0,0.043863187090601635,0.5665070454620487,-0.24433888871261047,0.8069465847859291,-0.7716901048850686,0.2651320233071383,-1.1233865429774554,0.4608531865105671,5.84
Axar Patel,All-Rounder,Indian,2021,10.22,-0.7716901048850686,All-Rounder,Indian,DC,-1.4093173407029371,-0.4269176112002625,-0.02634354278353533,-1.1681879506622597,0.0,1.6479814910712076,-0.9468500284941601,0.3045551674840371,-0.9583167280119576,-0.7241625134064157,-1.109688089606374,-1.2195153193409796,-0.5217700554292573,0.043863187090601635,0.7031621334671034,0.21567160887208095,-2.3833698852711884,0.8166783685926323,-0.06795833570194411,-2.5134365894427853,-0.2106969915486166,0.4248258455765757,-1.5389298612539566,0.41274713633827026,-0.10815201130450994,-0.11271521612222805,0.07529806590472743,-0.023707206505612106,-1.3493430383692668,-0.3509677674789003,-0.7295106034913492,-0.45540409238027924,-0.8084892972952167,-1.069576857352753,-0.3069267477188816,1.6479814910712067,0.4498563089803857,1.7484687178050562,-0.404888165089458,0.5781709434672789,2.386187843833655,0.0,0.0,0.0,0.043863187090601635,0.5665070454620487,-0.24433888871261047,0.8069465847859291,-0.7716901048850686,-0.5477216003309767,0.6258552677509374,-0.3406707513341222,10.22
Axar Patel,All-Rounder,Indian,2022,8.25,-0.7716901048850686,All-Rounder,Indian,DC,-1.2619341791378949,-0.42082139471430974,-0.4406831519556925,-1.1681879506622597,0.0,1.404605759151822,0.05575639334507244,0.6372942177465715,-0.9583167280119576,-0.7241625134064157,-1.109688089606374,-1.2195153193409796,-0.5217700554292573,0.043863187090601635,0.1453463627837029,0.8464802154192334,-1.322212306753707,1.547369212055712,-2.0541891492663193,-0.6993690731278873,0.477095486610086,0.4248258455765757,-1.5389298612539566,0.41274713633827026,-0.10815201130450994,-0.11271521612222805,0.07529806590472743,-0.023707206505612106,-1.3493430383692668,0.2388242204738077,-0.6792607340023635,-0.6558508406536699,-0.8084892972952167,-1.069576857352753,0.5840333849838287,1.4046057591518213,0.4498563089803857,1.7484687178050562,-0.404888165089458,0.3578857973112456,1.3235812618677474,0.0,0.0,0.0,0.043863187090601635,0.5665070454620487,-0.24433888871261047,0.8069465847859291,-0.7716901048850686,0.4637269427187235,-0.7801808712522647,0.6148115746787863,8.25
Axar Patel,All-Rounder,Indian,2023,8.37,-0.7716901048850686,All-Rounder,Indian,DC,-1.6265135787987888,-0.15868408581833393,-0.24523994008203284,-1.1681879506622597,0.0,1.8457242732557078,1.312993017556174,-0.04666938557085989,-0.9583167280119576,-0.7241625134064157,-1.109688089606374,-1.2195153193409796,-0.5217700554292573,0.043863187090601635,-0.41246940789969766,0.7608148490980156,-0.47328624393972063,0.31673200201262974,2.143128796379152,0.12283418966231657,0.477095486610086,0.4248258455765757,-1.5389298612539566,0.41274713633827026,-0.10815201130450994,-0.11271521612222805,0.07529806590472743,-0.023707206505612106,-1.3493430383692668,0.8286162084265156,-0.8035630427382756,-0.47272350646235006,-0.8084892972952167,-1.069576857352753,0.7500904706488499,1.8457242732557075,0.4498563089803857,-0.5719290198427753,-0.404888165089458,0.13760065115521222,0.4734959962950198,0.0,0.0,0.0,0.043863187090601635,0.5665070454620487,-0.24433888871261047,0.8069465847859291,-0.7716901048850686,0.008806022671255529,-0.31740677195829753,0.24205882191296088,8.37
Axar Patel,All-Rounder,Indian,2024,8.02,-0.7716901048850686,All-Rounder,Indian,DC,-1.5567005022679794,-1.5867227976528049,-0.17488038380751492,-1.1681879506622597,0.0,-0.998729593552108,0.8833045510536461,1.6539968713265372,-0.9583167280119576,-0.7241625134064157,-1.109688089606374,-1.2195153193409796,-0.5217700554292573,0.043863187090601635,-0.41246940789969766,0.9892558259545973,-0.7562615982110494,1.7011988633110982,2.1243907698360918,-0.9864876728324042,-0.2106969915486166,0.4248258455765757,-1.5389298612539566,0.41274713633827026,-0.10815201130450994,-0.11271521612222805,0.07529806590472743,-0.023707206505612106,-1.3493430383692668,1.4184081963792237,-0.779760472980335,-0.9156420518847468,-0.8084892972952167,-1.069576857352753,1.9603911527073716,-0.9987295935521082,0.4498563089803857,1.7484687178050562,-0.404888165089458,0.13760065115521222,0.756857751485929,0.0,0.0,0.0,0.043863187090601635,0.5665070454620487,-0.24433888871261047,0.8069465847859291,-0.7716901048850686,0.03651694165891836,-0.4214755885459358,0.2669436049724058,8.02
Washington Sundar,All-Rounder,Indian,2019,4.57,-0.7716901048850686,All-Rounder,Indian,SRH,-1.7506257148535613,-0.9359516877773311,-2.1527656879689516,-1.1681879506622597,0.0,-0.22296944805906713,-0.5808191125845993,0.5263812009923938,-1.5752793081264544,-2.0344063933765346,-1.4271452815904688,-1.3775182165548656,-0.5217700554292573,-0.7685593216309743,-0.1335615225579974,0.742643407757151,-1.92353493458028,1.5089117992418666,0.6253486463912803,-0.6471656913634309,-0.2106969915486166,-0.6652022662022484,-2.0887097839262734,1.1334102949064697,-0.10815201130450994,-0.11271521612222805,0.07529806590472743,-0.023707206505612106,0.950512462887278,-1.530551743384316,-0.775604468736885,-2.20721188732867,-0.8084892972952167,-1.909597232911623,0.10502256095011332,-0.2229694480590677,-0.6164811927654469,1.7484687178050562,-0.404888165089458,-0.5232547873128875,1.9257249916484285,0.0,0.0,0.0,-0.7685593216309743,-1.7652031126716006,-0.24433888871261047,0.8069465847859291,-0.7716901048850686,-0.8409954929504102,0.6679256404140251,-0.7372054882156053,4.57
Washington Sundar,All-Rounder,Indian,2020,5.32,-0.7716901048850686,All-Rounder,Indian,SRH,-1.7583827233569844,-1.9052501090438447,-1.449170125223777,-1.1681879506622597,0.0,0.780955446108397,0.9310477139983712,-1.8767341620147984,-1.5752793081264544,-2.0344063933765346,-1.4271452815904688,-1.3775182165548656,-0.5217700554292573,-0.7685593216309743,0.7031621334671034,1.080113032658919,-2.6486592799005595,3.124123137423412,0.7565148321927018,-1.6520807903292367,0.477095486610086,-0.6652022662022484,-2.0887097839262734,1.1334102949064697,-0.10815201130450994,-0.11271521612222805,0.07529806590472743,-0.023707206505612106,0.950512462887278,-0.9407597554316083,-0.7793826544127487,-2.1873455005874685,-0.8084892972952167,-1.909597232911623,-1.0605704441985937,0.7809554461083967,-0.6164811927654469,1.7484687178050562,-0.404888165089458,-0.1928270680788378,2.651839489325133,0.0,0.0,0.0,-0.7685593216309743,-1.7652031126716006,-0.24433888871261047,0.8069465847859291,-0.7716901048850686,-0.8409954929504102,-0.17791027312805843,-0.7372054882156053,5.32
Washington Sundar,All-Rounder,Indian,2021,5.94,-0.7716901048850686,All-Rounder,Indian,SRH,-1.6652986213159051,-0.8231716827872023,-1.441352396748831,-1.1681879506622597,0.0,-0.299024364283875,-0.9786788037906442,0.34152617306876365,-1.5752793081264544,-2.0344063933765346,-1.4271452815904688,-1.3775182165548656,-0.5217700554292573,-0.7685593216309743,0.1453463627837029,1.8536972497414363,-1.3575842260376223,2.431889706774178,2.2368189290944525,-0.46445385518782906,0.477095486610086,-0.6652022662022484,-2.0887097839262734,1.1334102949064697,-0.10815201130450994,-0.11271521612222805,0.07529806590472743,-0.023707206505612106,0.950512462887278,-0.3509677674789003,-0.7340444263023855,-1.8218549240025694,-0.8084892972952167,-1.909597232911623,-0.29415312574464947,-0.2990243642838757,-0.6164811927654469,1.7484687178050562,-0.404888165089458,-0.4131122142348711,1.3590014812666102,0.0,0.0,0.0,-0.7685593216309743,-1.7652031126716006,-0.24433888871261047,0.8069465847859291,-0.7716901048850686,-0.6678022492775164,-0.2066952649501712,-0.49332184145019337,5.94
Washington Sundar,All-Rounder,Indian,2022,5.18,-0.7716901048850686,All-Rounder,Indian,SRH,-1.6265135787987888,-1.0578760174963895,-2.035499760844756,-1.1681879506622597,0.0,1.48066067537663,-0.9786788037906442,0.93306226242438,-1.5752793081264544,-2.0344063933765346,-1.4271452815904688,-1.3775182165548656,-0.5217700554292573,-0.7685593216309743,0.1453463627837029,1.0775171124673675,-1.1099807910502104,2.854921247726488,0.6253486463912803,-1.2475045816546908,1.1648879647687886,-0.6652022662022484,-2.0887097839262734,1.1334102949064697,-0.10815201130450994,-0.11271521612222805,0.07529806590472743,-0.023707206505612106,0.950512462887278,0.2388242204738077,-0.7151534979230677,-2.190656565044334,-0.8084892972952167,-1.909597232911623,0.21679175322464736,1.4806606753766294,-0.6164811927654469,1.7484687178050562,2.4698178070456938,-0.4131122142348711,1.1110599454745655,0.0,0.0,0.0,-0.7685593216309743,-1.7652031126716006,-0.24433888871261047,0.8069465847859291,-0.7716901048850686,-0.5246291678412575,-0.5122590242925995,-0.31264968339355426,5.18
Washington Sundar,All-Rounder,Indian,2023,4.16,-0.7716901048850686,All-Rounder,Indian,SRH,-1.8669808424049104,-1.3550665711865941,-2.035499760844756,-1.1681879506622597,0.0,0.12688316657504936,0.6445887363300192,-1.8767341620147984,-1.5752793081264544,-2.0344063933765346,-1.4271452815904688,-1.3775182165548656,-0.5217700554292573,-0.7685593216309743,-0.41246940789969766,1.3189376902817098,-1.3398982663956647,2.0857729914495615,1.9182724778624298,-1.3127588088602635,-0.8984894697073191,-0.6652022662022484,-2.0887097839262734,1.1334102949064697,-0.10815201130450994,-0.11271521612222805,0.07529806590472743,-0.023707206505612106,0.950512462887278,0.8286162084265156,-0.8322772538748389,-2.2899884987503354,-0.8084892972952167,-1.909597232911623,-1.2330143408507308,0.126883166575049,-0.6164811927654469,1.7484687178050562,-0.404888165089458,-0.6333973603909042,1.3412913715671788,0.0,0.0,0.0,-0.7685593216309743,-1.7652031126716006,-0.24433888871261047,0.8069465847859291,-0.7716901048850686,-0.7001316547631233,-0.5698290079368248,-0.536569486086856,4.16
Washington Sundar,All-Rounder,Indian,2024,5.45,-0.7716901048850686,All-Rounder,Indian,SRH,-1.6730556298193284,-1.9982174104546266,-2.3951152706922896,-1.1681879506622597,0.0,-0.6488769789179916,1.153849141073756,-1.1373140503202777,-1.5752793081264544,-2.0344063933765346,-1.4271452815904688,-1.3775182165548656,-0.5217700554292573,-0.7685593216309743,-0.41246940789969766,0.9191659807826915,-1.4990719031732866,1.8934859273803297,-0.7612653177951698,-2.5264874348838995,0.477095486610086,-0.6652022662022484,-2.0887097839262734,1.1334102949064697,-0.10815201130450994,-0.11271521612222805,0.07529806590472743,-0.023707206505612106,0.950512462887278,1.4184081963792237,-0.7378226119782492,-2.6806941046606063,-0.8084892972952167,-1.909597232911623,-0.28776631475753345,-0.6488769789179916,-0.6164811927654469,1.7484687178050562,-0.404888165089458,-0.6333973603909042,1.5006823588620648,0.0,0.0,0.0,-0.7685593216309743,-1.7652031126716006,-0.24433888871261047,0.8069465847859291,-0.7716901048850686,-0.9356744661582589,-0.058341845559282214,-0.8848175715035793,5.45
Marcus Stoinis,All-Rounder,Overseas,2019,5.76,1.295856968580587,All-Rounder,Overseas,LSG,-0.9283828134906942,0.3945475602818926,0.8179711325106754,-1.1681879506622597,0.0,-1.728856789310264,-0.5808191125845993,0.6742652233312973,-0.2945620421022609,0.0878196093919661,-0.6519010976293101,-0.6665051790923785,-0.5217700554292573,-0.22694431581659033,-1.2491930639247986,2.806399960041044,2.745558410896642,0.8551357814064792,1.0563232568816643,0.5926646255424354,-0.8984894697073191,-1.474937434952232,1.6460021045718756,1.7387673481037567,-0.10815201130450994,-0.11271521612222805,0.07529806590472743,-0.023707206505612106,-0.48689722539806257,-1.530551743384316,-0.5161690523275853,0.5679695220574386,-0.8084892972952167,-0.24391859557360837,0.23275878069243697,-1.7288567893102644,-1.4878290356479549,-0.5719290198427753,-0.404888165089458,-1.536566459630641,-2.7497439690015697,0.0,0.0,0.0,-0.22694431581659033,0.5665070454620487,-0.24433888871261047,0.8069465847859291,1.295856968580587,-0.566195546322752,0.9314190270933651,-0.36338416260351103,5.76
Marcus Stoinis,All-Rounder,Overseas,2020,3.94,1.295856968580587,All-Rounder,Overseas,LSG,-0.40090623525791147,-0.12363084102410513,-0.7377568340036561,-0.3019598097012108,0.0,1.3893947759068603,1.281164242259691,-0.7306329888882913,-0.2945620421022609,0.0878196093919661,-0.6519010976293101,-0.6665051790923785,-0.5217700554292573,-0.22694431581659033,-1.2491930639247986,2.1444403111952672,1.9673761866504895,1.3166247351726348,-1.6232145387759367,0.2402917986323457,-0.8984894697073191,-1.474937434952232,1.6460021045718756,1.7387673481037567,-0.10815201130450994,-0.11271521612222805,0.07529806590472743,-0.023707206505612106,-0.48689722539806257,-0.9407597554316083,-0.3163450099152443,-0.36549595751305214,-0.48509357837712996,-0.24391859557360837,0.14015002137925228,1.3893947759068597,-1.4878290356479549,-0.5719290198427753,-0.404888165089458,-1.536566459630641,-1.970499142226571,0.0,0.0,0.0,-0.22694431581659033,0.5665070454620487,-0.24433888871261047,0.8069465847859291,1.295856968580587,-0.566195546322752,-0.7469674191498267,-0.36338416260351103,3.94
Marcus Stoinis,All-Rounder,Overseas,2021,4.88,1.295856968580587,All-Rounder,Overseas,LSG,-0.3698782012442184,-0.5396976161903912,-0.5579490790798883,-0.3019598097012108,0.0,1.556715591601438,-1.965370837981636,-0.8600315084348326,-0.2945620421022609,0.0878196093919661,-0.6519010976293101,-0.6665051790923785,-0.5217700554292573,-0.22694431581659033,-1.5281009492664988,2.050987184299393,0.7293590117134252,-0.10629953893967904,0.9813711507094227,0.3838510984846053,-1.5862819478660217,-1.474937434952232,1.6460021045718756,1.7387673481037567,-0.10815201130450994,-0.11271521612222805,0.07529806590472743,-0.023707206505612106,-0.48689722539806257,-0.3509677674789003,-0.3045906544792242,-0.4166901079615297,-0.48509357837712996,-0.24391859557360837,-1.9259833329528397,1.5567155916014372,-1.4878290356479549,-0.5719290198427753,-0.404888165089458,-1.6467090327086575,-0.7307914632663426,0.0,0.0,0.0,-0.22694431581659033,0.5665070454620487,-0.24433888871261047,0.8069465847859291,1.295856968580587,-0.9864778176356412,-0.13583990046497052,-0.9689369942190788,4.88
Marcus Stoinis,All-Rounder,Overseas,2022,5.85,1.295856968580587,All-Rounder,Overseas,LSG,-0.9051117879804244,0.5560972971596453,-0.5892199929796743,-1.1681879506622597,0.0,-1.7897007222901102,0.5650167980888103,0.9145767596320167,-0.2945620421022609,0.0878196093919661,-0.6519010976293101,-0.6665051790923785,-0.5217700554292573,-0.22694431581659033,-0.9702851785830983,1.677174676715896,2.0204340655763624,1.5089117992418666,-1.3234061140869742,1.7933424061249572,-0.8984894697073191,-1.474937434952232,1.6460021045718756,1.7387673481037567,-0.10815201130450994,-0.11271521612222805,0.07529806590472743,-0.023707206505612106,-0.48689722539806257,0.2388242204738077,-0.5073532857505703,-0.06571727553366184,-0.8084892972952167,-0.24391859557360837,1.1301057243822645,-1.7897007222901107,-1.4878290356479549,-0.5719290198427753,-0.404888165089458,-1.4264238865526242,-2.0236294713248655,0.0,0.0,0.0,-0.22694431581659033,0.5665070454620487,-0.24433888871261047,0.8069465847859291,1.295856968580587,-0.7694089522322809,-0.12919721004448298,-0.6326399367048898,5.85
Marcus Stoinis,All-Rounder,Overseas,2023,3.78,1.295856968580587,All-Rounder,Overseas,LSG,-0.37763520974764164,-0.8185995204227374,-0.6439440923042982,-0.3019598097012108,0.0,0.2789929990246652,-0.5489903372881153,-0.23152441349449002,-0.2945620421022609,0.0878196093919661,-0.6519010976293101,-0.6665051790923785,-0.5217700554292573,-0.22694431581659033,-1.5281009492664988,2.5234446591618696,1.171508002762376,0.8935931942203247,-1.5857384856898158,0.4360544802490617,-0.8984894697073191,-1.474937434952232,1.6460021045718756,1.7387673481037567,-0.10815201130450994,-0.11271521612222805,0.07529806590472743,-0.023707206505612106,-0.48689722539806257,0.8286162084265156,-0.3075292433382292,-0.5519343561612378,-0.48509357837712996,-0.24391859557360837,-0.5304651322679486,0.27899299902466496,-1.4878290356479549,-0.5719290198427753,-0.404888165089458,-1.6467090327086575,-1.173544205752138,0.0,0.0,0.0,-0.22694431581659033,0.5665070454620487,-0.24433888871261047,0.8069465847859291,1.295856968580587,-0.5454123570820049,-0.8023231726538897,-0.33785027210400265,3.78
Marcus Stoinis,All-Rounder,Overseas,2024,4.57,1.295856968580587,All-Rounder,Overseas,LSG,-0.6413734988640329,-0.428441665321751,0.7710647616609975,-0.3019598097012108,0.0,-1.5767469568606483,-0.2147881966750385,-1.6733936312988051,-0.2945620421022609,0.0878196093919661,-0.6519010976293101,-0.6665051790923785,-0.5217700554292573,-0.22694431581659033,-1.2491930639247986,2.7882285187001794,1.8082025498728642,-0.2601291901950652,2.2180809025513923,0.3838510984846053,-0.8984894697073191,-1.474937434952232,1.6460021045718756,1.7387673481037567,-0.10815201130450994,-0.11271521612222805,0.07529806590472743,-0.023707206505612106,-0.48689722539806257,1.4184081963792237,-0.4074412645443997,0.2699737209394384,-0.48509357837712996,-0.24391859557360837,-1.574708728661448,-1.576746956860649,-1.4878290356479549,-0.5719290198427753,-0.404888165089458,-1.536566459630641,-1.8111081549316819,0.0,0.0,0.0,-0.22694431581659033,0.5665070454620487,-0.24433888871261047,0.8069465847859291,1.295856968580587,-1.0234257096191919,-0.16905335256740822,-1.0325021659817417,4.57
Liam Livingstone,All-Rounder,Overseas,2021,3.72,1.295856968580587,All-Rounder,Overseas,PBKS,-0.1449249546449434,-0.5336013997044384,2.0140835891774733,-0.3019598097012108,0.0,-0.299024364283875,0.6764175116265022,-1.9691616759766133,-0.08833016841230258,2.2654080296239965,-1.0878590096074678,-0.8245080763062645,-0.5217700554292573,-1.8517893332597422,-0.691377293241398,1.0775171124673675,1.4191114377497895,0.73976354296494,-1.3983582202592144,0.6579188527480059,-0.2106969915486166,-1.9109486796637616,0.8876849698514415,2.2576448222728613,-0.10815201130450994,-0.11271521612222805,0.07529806590472743,-0.023707206505612106,0.08806664991607366,-0.3509677674789003,1.3615892285766191,1.7439067987769394,-0.48509357837712996,0.7049386803648265,-1.2936890452283352,-0.2990243642838757,-1.9077767254874491,-0.5719290198427753,-0.404888165089458,-1.624680518093054,-1.4214857415441842,0.0,0.0,0.0,-1.8517893332597422,-1.7652031126716006,4.092676385936225,-1.2392393980641052,1.295856968580587,-1.0372811691130233,0.47971607850021075,-1.0568892400093572,3.72
Liam Livingstone,All-Rounder,Overseas,2022,3.21,1.295856968580587,All-Rounder,Overseas,PBKS,0.8402151252898125,0.12936214314294095,2.1078963308768293,0.5642683312598381,0.0,-1.6071689233505713,0.023927618048588395,1.2473158098945512,-0.08833016841230258,2.2654080296239965,-1.0878590096074678,-0.8245080763062645,-0.5217700554292573,-1.8517893332597422,-0.691377293241398,2.6921794716127536,1.7020867920211185,1.585826624869559,-0.555147025821508,1.584528879067127,-0.8984894697073191,-1.9109486796637616,0.8876849698514415,2.2576448222728613,-0.10815201130450994,-0.11271521612222805,0.07529806590472743,-0.023707206505612106,0.08806664991607366,0.2388242204738077,2.4811915838575294,2.0113389279854044,-0.16169785945904333,0.7049386803648265,1.0917848584595669,-1.6071689233505717,-1.9077767254874491,-0.5719290198427753,-0.404888165089458,-1.624680518093054,-1.7048474967350933,0.0,0.0,0.0,-1.8517893332597422,-1.7652031126716006,4.092676385936225,-1.2392393980641052,1.295856968580587,-1.0372811691130233,-0.4569032707885363,-1.0568892400093572,3.21
Liam Livingstone,All-Rounder,Overseas,2023,3.21,1.295856968580587,All-Rounder,Overseas,PBKS,0.26619649603649015,0.5881024337108982,0.9352370596348712,0.5642683312598381,0.0,1.130808060742514,-1.376538494996689,-0.6012344693417503,-0.08833016841230258,2.2654080296239965,-1.0878590096074678,-0.8245080763062645,-0.5217700554292573,-1.8517893332597422,-0.9702851785830983,1.0697293518927111,1.0477062852686694,1.3166247351726348,1.7121541858887692,1.8585966333305277,-0.8984894697073191,-1.9109486796637616,0.8876849698514415,2.2576448222728613,-0.10815201130450994,-0.11271521612222805,0.07529806590472743,-0.023707206505612106,0.08806664991607366,0.8286162084265156,1.828824857158416,1.5915978337610723,-0.16169785945904333,0.7049386803648265,-1.3479769386188225,1.1308080607425135,-1.9077767254874491,-0.5719290198427753,-0.404888165089458,-1.7348230911710707,-1.0495734378561146,0.0,0.0,0.0,-1.8517893332597422,-1.7652031126716006,4.092676385936225,-1.2392393980641052,1.295856968580587,-1.155052574810591,-0.34397753364024763,-1.277647943616152,3.21
Liam Livingstone,All-Rounder,Overseas,2024,3.13,1.295856968580587,All-Rounder,Overseas,PBKS,0.35152358957414614,-0.3690035545837099,2.7802209797222184,0.5642683312598381,0.0,-0.5880330459381454,1.6631095458174938,0.36001167586112626,-0.08833016841230258,2.2654080296239965,-1.0878590096074678,-0.8245080763062645,-0.5217700554292573,-1.8517893332597422,-0.1335615225579974,1.228080483577387,1.24225184133021,0.8935931942203247,1.2999176019414456,2.693850741561848,-0.2106969915486166,-1.9109486796637616,0.8876849698514415,2.2576448222728613,-0.10815201130450994,-0.11271521612222805,0.07529806590472743,-0.023707206505612106,0.08806664991607366,1.4184081963792237,1.9257982895055816,2.173326389105957,-0.16169785945904333,0.7049386803648265,1.3121298375150765,-0.588033045938146,-1.9077767254874491,-0.5719290198427753,-0.404888165089458,-1.4043953719370206,-1.2443846445498667,0.0,0.0,0.0,-1.8517893332597422,-1.7652031126716006,4.092676385936225,-1.2392393980641052,1.295856968580587,-1.155052574810591,-0.3616913747615478,-1.277647943616152,3.13
Pat Cummins,All-Rounder,Overseas,2019,4.8,1.295856968580587,All-Rounder,Overseas,KKR,-2.0531490464870688,-0.8795616852822664,0.6772520199616395,-1.1681879506622597,0.0,1.8000913235208233,-0.055644320192620576,0.2490986591069486,-1.5596819395280541,1.5641507417526632,-1.5182037295859065,-1.2985167679479226,-0.5217700554292573,0.043863187090601635,-0.691377293241398,-1.0511374446053279,1.8082025498728642,-1.4907664002381473,-0.9486455832257713,1.29741027936261,-0.2106969915486166,-0.8209205678849376,0.736021542907354,-0.6826608646853931,-0.10815201130450994,-0.11271521612222805,0.07529806590472743,-0.023707206505612106,-0.7743791630551307,-1.530551743384316,-0.9490231912590239,0.6846208698455118,-0.8084892972952167,-0.9949872314920299,0.18166429279550841,1.8000913235208227,-0.8263801759201351,-0.5719290198427753,-0.404888165089458,-0.8536825065469376,-1.8111081549316819,0.0,0.0,0.0,0.043863187090601635,0.5665070454620487,-0.24433888871261047,0.8069465847859291,1.295856968580587,-0.7878828982240562,0.7188529336377631,-0.6590871679504139,4.8
Pat Cummins,All-Rounder,Overseas,2020,3.13,1.295856968580587,All-Rounder,Overseas,KKR,-1.9755789614528363,-1.7315079391941866,0.3254542385890521,-1.1681879506622597,0.0,-1.5311140071257634,-0.4057608484539394,1.7094533797036264,-1.5596819395280541,1.5641507417526632,-1.5182037295859065,-1.2985167679479226,-0.5217700554292573,0.043863187090601635,-0.691377293241398,-1.3003457829943266,1.772830630588949,-1.1831070977273765,1.824582345147129,1.5192746518615543,-0.2106969915486166,-0.8209205678849376,0.736021542907354,-0.6826608646853931,-0.10815201130450994,-0.11271521612222805,0.07529806590472743,-0.023707206505612106,-0.7743791630551307,-0.9407597554316083,-0.9225758915279788,0.2279486720638231,-0.8084892972952167,-0.9949872314920299,1.232294700176124,-1.5311140071257636,-0.8263801759201351,-0.5719290198427753,-0.404888165089458,-0.8536825065469376,-1.775687935532819,0.0,0.0,0.0,0.043863187090601635,0.5665070454620487,-0.24433888871261047,0.8069465847859291,1.295856968580587,-0.7878828982240562,-0.7137539670473888,-0.6590871679504139,3.13
Pat Cummins,All-Rounder,Overseas,2021,4.47,1.295856968580587,All-Rounder,Overseas,KKR,-2.0143640039699524,-0.9085187135905429,1.115044814558639,-1.1681879506622597,0.0,-0.48155616322341394,-0.3580176855092144,-1.1742850559050038,-1.5596819395280541,1.5641507417526632,-1.5182037295859065,-1.2985167679479226,-0.5217700554292573,0.043863187090601635,-1.2491930639247986,-0.8356760687065067,0.8354747695651743,-1.413851574610455,-0.011744256072764216,-0.7124199185690014,-0.8984894697073191,-0.8209205678849376,0.736021542907354,-0.6826608646853931,-0.10815201130450994,-0.11271521612222805,0.07529806590472743,-0.023707206505612106,-0.7743791630551307,-0.3509677674789003,-0.9357995413935014,0.8888880771075959,-0.8084892972952167,-0.9949872314920299,-1.2298209353571734,-0.481556163223414,-0.8263801759201351,1.7484687178050562,-0.404888165089458,-1.073967652702971,-0.8370521214629343,0.0,0.0,0.0,0.043863187090601635,0.5665070454620487,-0.24433888871261047,0.8069465847859291,1.295856968580587,-1.1735265208023664,-0.04727069485846964,-1.3146873087328337,4.47
Pat Cummins,All-Rounder,Overseas,2022,7.25,1.295856968580587,All-Rounder,Overseas,KKR,-2.0143640039699524,-1.3306817052427824,0.2550946823145364,-1.1681879506622597,0.0,-1.0899954930218771,1.058362815184305,0.21212765352222204,-1.5596819395280541,1.5641507417526632,-1.5182037295859065,-1.2985167679479226,-0.5217700554292573,0.043863187090601635,-1.2491930639247986,-1.313325383952087,0.6939870924295098,-0.8754477952166057,1.0563232568816643,1.6367322608315835,-0.8984894697073191,-0.8209205678849376,0.736021542907354,-0.6826608646853931,-0.10815201130450994,-0.11271521612222805,0.07529806590472743,-0.023707206505612106,-0.7743791630551307,0.2388242204738077,-0.9357995413935014,0.3275353030357358,-0.8084892972952167,-0.9949872314920299,0.8203453915071278,-1.0899954930218778,-0.8263801759201351,-0.5719290198427753,-0.404888165089458,-1.073967652702971,-0.6953712438674797,0.0,0.0,0.0,0.043863187090601635,0.5665070454620487,-0.24433888871261047,0.8069465847859291,1.295856968580587,-0.8640879254401295,0.2715784453249337,-0.7721814029366424,7.25
Pat Cummins,All-Rounder,Overseas,2023,7.25,1.295856968580587,All-Rounder,Overseas,KKR,-2.0066069954665293,-1.9082982172868213,1.9593594898528475,-1.1681879506622597,0.0,-1.318160241696301,-1.0105075790871283,1.8943084076272565,-1.5596819395280541,1.5641507417526632,-1.5182037295859065,-1.2985167679479226,-0.5217700554292573,0.043863187090601635,-0.691377293241398,0.3921941818976215,0.3579538592323081,-1.7984257027489183,-1.1922399282855525,1.2321560521570398,-0.2106969915486166,-0.8209205678849376,0.736021542907354,-0.6826608646853931,-0.10815201130450994,-0.11271521612222805,0.07529806590472743,-0.023707206505612106,-0.7743791630551307,0.8286162084265156,-0.9331548114203968,0.9673348350087444,-0.8084892972952167,-0.9949872314920299,1.027916748588405,-1.3181602416963012,-0.8263801759201351,-0.5719290198427753,-0.404888165089458,-0.8536825065469376,-0.35887915957827626,0.0,0.0,0.0,0.043863187090601635,0.5665070454620487,-0.24433888871261047,0.8069465847859291,1.295856968580587,-0.22211830222593626,-0.34397753364024763,0.021176174051018206,7.25
Pat Cummins,All-Rounder,Overseas,2024,20.5,1.295856968580587,All-Rounder,Overseas,KKR,-1.9833359699562594,-1.5653860399519697,2.068807688502097,-1.1681879506622597,0.0,-0.6640879621629533,-1.838055736795701,-0.7121474860959283,-1.5596819395280541,1.5641507417526632,-1.5182037295859065,-1.2985167679479226,-0.5217700554292573,0.043863187090601635,-0.9702851785830983,-0.05690001124088636,1.8082025498728642,-0.6447033183335285,-0.873693477053531,0.9319866070114087,-0.2106969915486166,-0.8209205678849376,0.736021542907354,-0.6826608646853931,-0.10815201130450994,-0.11271521612222805,0.07529806590472743,-0.023707206505612106,-0.7743791630551307,1.4184081963792237,-0.9252206215010832,1.1354350305112082,-0.8084892972952167,-0.9949872314920299,-1.7216053813651209,-0.664087962162954,-0.8263801759201351,-0.5719290198427753,-0.404888165089458,-0.9638250796249542,-1.8111081549316819,0.0,0.0,0.0,0.043863187090601635,0.5665070454620487,-0.24433888871261047,0.8069465847859291,1.295856968580587,-0.22211830222593626,2.5898774020750945,0.021176174051018206,20.5
Cameron Green,All-Rounder,Overseas,2022,1.04,1.295856968580587,All-Rounder,Overseas,MI,-1.1843640941036622,-0.9496681748707251,0.9430547881098171,-1.1681879506622597,0.0,0.917854295313051,1.8540821975963948,-0.2684954190792159,-0.9825793013872468,0.5491730882546839,-1.5175800415859377,-1.2985167679479226,-0.5217700554292573,-2.122596836166934,-0.9702851785830983,3.559216815591145,2.427211137341398,2.3549748811464855,-0.33029070730478716,0.4099527893668335,-0.8984894697073191,-2.2535289433656778,2.935141233596621,3.3818793496392523,-0.10815201130450994,-0.11271521612222805,0.07529806590472743,-0.023707206505612106,-0.19941528774099446,0.2388242204738077,0.7753407512051186,0.37083383824091504,-0.8084892972952167,-0.71983648370509,0.8842135013782896,0.9178542953130503,-2.2760921120615674,-0.5719290198427753,-0.404888165089458,-1.9771367519427074,-2.4309619944117977,0.0,0.0,0.0,-2.122596836166934,-1.7652031126716006,4.092676385936225,-1.2392393980641052,1.295856968580587,-1.6561583598374974,-0.11369759906334527,-2.6764052485806995,1.04
Cameron Green,All-Rounder,Overseas,2023,0.88,1.295856968580587,All-Rounder,Overseas,MI,-1.2386631536276251,-0.6570497835449853,0.46617335113808794,-1.1681879506622597,0.0,0.05082825035024145,0.1353283315862814,0.04575812839095518,-0.9825793013872468,0.5491730882546839,-1.5175800415859377,-1.2985167679479226,-0.5217700554292573,-2.122596836166934,-0.691377293241398,3.08935526092022,2.091177904144193,1.547369212055712,0.1756360093578372,0.5796137801013214,-0.2106969915486166,-2.2535289433656778,2.935141233596621,3.3818793496392523,-0.10815201130450994,-0.11271521612222805,0.07529806590472743,-0.023707206505612106,-0.19941528774099446,0.8286162084265156,0.6827752021464606,0.23558959004120836,-0.8084892972952167,-0.71983648370509,0.12098958841790407,0.050828250350241015,-2.2760921120615674,-0.5719290198427753,-0.404888165089458,-1.8669941788646907,-2.094469910122591,0.0,0.0,0.0,-2.122596836166934,-1.7652031126716006,4.092676385936225,-1.2392393980641052,1.295856968580587,-1.6561583598374974,-0.379405215882848,-2.6764052485806995,0.88
Cameron Green,All-Rounder,Overseas,2024,1.15,1.295856968580587,All-Rounder,Overseas,MI,-1.1921211026070855,-0.6753384330028437,-0.4563186089055866,-1.1681879506622597,0.0,1.4198167423967838,-0.48533278669514834,-0.9339735196042847,-0.9825793013872468,0.5491730882546839,-1.5175800415859377,-1.2985167679479226,-0.5217700554292573,-2.122596836166934,-0.9702851785830983,3.6838209847856436,3.187707401945593,2.2011452298911007,0.9438950976233033,3.5421556952342823,-0.8984894697073191,-2.2535289433656778,2.935141233596621,3.3818793496392523,-0.10815201130450994,-0.11271521612222805,0.07529806590472743,-0.023707206505612106,-0.19941528774099446,1.4184081963792237,0.762117101339596,-0.22133730500639628,-0.8084892972952167,-0.71983648370509,-1.0988913101212912,1.4198167423967838,-2.2760921120615674,-0.5719290198427753,-0.404888165089458,-1.9771367519427074,-3.0685259435913417,0.0,0.0,0.0,-2.122596836166934,-1.7652031126716006,4.092676385936225,-1.2392393980641052,1.295856968580587,-1.693106251821048,-0.2841933198558595,-2.8340943001119974,1.15
Shakib Al Hasan,All-Rounder,Overseas,2019,4.39,1.295856968580587,All-Rounder,Overseas,KKR,-1.7040836638330217,-2.0165060599124858,-2.3482088998426116,-1.1681879506622597,0.0,-1.166050409246685,-1.3128809444037222,-0.9154880168119214,-2.0241369155693043,-1.9052274192949745,-1.2325546256002182,-1.1405138707340365,-0.5217700554292573,0.8562856958121775,-0.691377293241398,1.1216477557237523,-2.0650226117159445,1.8550285145664829,-1.660690591862056,-1.0256402091557466,-0.2106969915486166,-0.6340586058657106,-1.8043408584061105,0.8739715578219174,-0.10815201130450994,-0.11271521612222805,0.07529806590472743,-0.023707206505612106,-0.7743791630551307,-1.530551743384316,-0.8715122589703453,-2.6103976592686666,-0.8084892972952167,-2.213932462171293,-1.581095539648565,-1.1660504092466852,-0.5922986564603409,1.7484687178050562,-0.404888165089458,-0.7215114188533175,2.067405869243883,0.0,0.0,0.0,0.8562856958121775,0.5665070454620487,-0.24433888871261047,-1.2392393980641052,1.295856968580587,-0.8825618714319049,0.6280694978910997,-0.8006256403212049,4.39
Shakib Al Hasan,All-Rounder,Overseas,2020,5.92,1.295856968580587,All-Rounder,Overseas,KKR,-1.719597680839868,-1.400788194831241,-2.074588403219488,-1.1681879506622597,0.0,1.404605759151822,-0.7081342137705332,1.0624607819709209,-2.0241369155693043,-1.9052274192949745,-1.2325546256002182,-1.1405138707340365,-0.5217700554292573,0.8562856958121775,-0.9702851785830983,0.2675900127031221,-0.9154352349886715,1.7396562761249437,0.7003007525635206,-2.161063762532697,-0.8984894697073191,-0.6340586058657106,-1.8043408584061105,0.8739715578219174,-0.10815201130450994,-0.11271521612222805,0.07529806590472743,-0.023707206505612106,-0.7743791630551307,-0.9407597554316083,-0.8755810743135831,-2.2708862038068744,-0.8084892972952167,-2.213932462171293,0.491424625670644,1.4046057591518213,-0.5922986564603409,1.7484687178050562,-0.404888165089458,-0.8316539919313342,0.916248738780815,0.0,0.0,0.0,0.8562856958121775,0.5665070454620487,-0.24433888871261047,-1.2392393980641052,1.295856968580587,-0.8825618714319049,-0.005200322195381627,-0.8006256403212049,5.92
Shakib Al Hasan,All-Rounder,Overseas,2021,6.2,1.295856968580587,All-Rounder,Overseas,KKR,-1.7040836638330217,-1.682738207306563,-2.2700316150931474,-1.1681879506622597,0.0,1.0851751110076286,1.312993017556174,0.04575812839095518,-2.0241369155693043,-1.9052274192949745,-1.2325546256002182,-1.1405138707340365,-0.5217700554292573,0.8562856958121775,-1.2491930639247986,0.10664296082689366,-0.7032037192851749,1.7781136889387905,-1.7543807245773575,0.2272409531912316,-0.8984894697073191,-0.6340586058657106,-1.8043408584061105,0.8739715578219174,-0.10815201130450994,-0.11271521612222805,0.07529806590472743,-0.023707206505612106,-0.7743791630551307,-0.3509677674789003,-0.8715122589703453,-2.460635666911927,-0.8084892972952167,-2.213932462171293,0.8299256079878025,1.0851751110076278,-0.5922986564603409,-0.5719290198427753,-0.404888165089458,-0.9417965650093508,0.7037274223876332,0.0,0.0,0.0,0.8562856958121775,0.5665070454620487,-0.24433888871261047,-1.2392393980641052,1.295856968580587,-0.5292476543392014,-0.2819790897156969,-0.3182214554849121,6.2
Shakib Al Hasan,All-Rounder,Overseas,2022,4.67,1.295856968580587,All-Rounder,Overseas,KKR,-1.6497846043090587,-2.2679749899580433,-1.4882587675985088,-1.1681879506622597,0.0,0.9330652785580128,0.5491024104405683,-0.6751764805112024,-2.0241369155693043,-1.9052274192949745,-1.2325546256002182,-1.1405138707340365,-0.5217700554292573,0.8562856958121775,-1.5281009492664988,1.059345671126503,-1.1807246296180427,2.008858165821869,0.4004923278745594,0.30554602583791846,-1.5862819478660217,-0.6340586058657106,-1.8043408584061105,0.8739715578219174,-0.10815201130450994,-0.11271521612222805,0.07529806590472743,-0.023707206505612106,-0.7743791630551307,0.2388242204738077,-0.8572714052690136,-2.2741972682637415,-0.8084892972952167,-2.213932462171293,-0.25263885432839334,0.9330652785580127,-0.5922986564603409,-0.5719290198427753,-0.404888165089458,-1.0519391380873675,1.1819003842722928,0.0,0.0,0.0,0.8562856958121775,0.5665070454620487,-0.24433888871261047,-1.2392393980641052,1.295856968580587,-0.4645888433679876,-0.6827547450851136,-0.2416430098294864,4.67
Shakib Al Hasan,All-Rounder,Overseas,2023,4.56,1.295856968580587,All-Rounder,Overseas,KKR,-1.804924774377524,-2.040890925856297,-1.527347409973241,-1.1681879506622597,0.0,1.28291789319213,-1.551596759127349,-0.8600315084348326,-2.0241369155693043,-1.9052274192949745,-1.2325546256002182,-1.1405138707340365,-0.5217700554292573,0.8562856958121775,-1.5281009492664988,0.6699576423936928,-1.9058489749383207,0.8551357814064792,-0.7987413708812907,-1.5998774085647793,-1.5862819478660217,-0.6340586058657106,-1.8043408584061105,0.8739715578219174,-0.10815201130450994,-0.11271521612222805,0.07529806590472743,-0.023707206505612106,-0.7743791630551307,0.8286162084265156,-0.8979595587013905,-2.217399777965182,-0.8084892972952167,-2.213932462171293,-1.6768977044553073,1.2829178931921295,-0.5922986564603409,1.7484687178050562,-0.404888165089458,-1.0519391380873675,1.9080148819489955,0.0,0.0,0.0,0.8562856958121775,0.5665070454620487,-0.24433888871261047,-1.2392393980641052,1.295856968580587,-0.8179030604606912,-0.36833406518203543,-0.7028519538717977,4.56
Shakib Al Hasan,All-Rounder,Overseas,2024,4.27,1.295856968580587,All-Rounder,Overseas,KKR,-1.8204387913843707,-1.3306817052427824,-1.6367956086224906,-1.1681879506622597,0.0,0.4767357812091653,-1.5675111467755911,-1.691879134091168,-2.0241369155693043,-1.9052274192949745,-1.2325546256002182,-1.1405138707340365,-0.5217700554292573,0.8562856958121775,-1.2491930639247986,-0.08026329296485493,-1.216096548901958,1.278167322358788,0.7377768056496414,-1.2083520453313485,-1.5862819478660217,-0.6340586058657106,-1.8043408584061105,0.8739715578219174,-0.10815201130450994,-0.11271521612222805,0.07529806590472743,-0.023707206505612106,-0.7743791630551307,1.4184081963792237,-0.9020283740446282,-2.0335083519761255,-0.8084892972952167,-2.213932462171293,-2.404994156986555,0.4767357812091648,-0.5922986564603409,1.7484687178050562,-0.404888165089458,-0.9417965650093508,1.2173206036711557,0.0,0.0,0.0,0.8562856958121775,0.5665070454620487,-0.24433888871261047,-1.2392393980641052,1.295856968580587,-0.8433047361993823,-0.4081902077049608,-0.7406747033263719,4.27
Deepak Hooda,All-Rounder,Indian,2019,3.88,-0.7716901048850686,All-Rounder,Indian,LSG,-0.7809996519256519,-0.4985481549102091,0.6694342914866935,-1.1681879506622597,0.0,1.541504608356476,-0.8831924779011932,1.469141843402907,-0.9132576631721352,0.07859253981471227,-0.8196731696209044,-0.8245080763062645,-0.5217700554292573,-0.22694431581659033,-1.8070088346081992,2.1548239919614756,0.6586151731455946,2.2011452298911007,-1.6044765122328761,-0.8298775275390305,-1.5862819478660217,-1.9420923400002996,0.5464422592272421,3.8431037711229004,-0.10815201130450994,-0.11271521612222805,0.07529806590472743,-0.023707206505612106,-0.48689722539806257,-1.530551743384316,-0.46033586400648996,0.19305514663376694,-0.8084892972952167,-0.7951274488622448,0.7373168486746178,1.5415046083564756,-1.9330152037892163,1.7484687178050562,-0.404888165089458,-2.087279325020724,-0.6599510244686169,0.0,0.0,0.0,-0.22694431581659033,0.5665070454620487,-0.24433888871261047,0.8069465847859291,-0.7716901048850686,-1.0003332771294726,0.5151437607428111,-0.9925293573313945,3.88
Deepak Hooda,All-Rounder,Indian,2020,3.0,-0.7716901048850686,All-Rounder,Indian,LSG,-1.1455790515865458,-0.13429921987452278,-0.8550227611278519,-1.1681879506622597,0.0,0.8265883958432824,-0.6922198261222924,1.0809462847632842,-0.9132576631721352,0.07859253981471227,-0.8196731696209044,-0.8245080763062645,-0.5217700554292573,-0.22694431581659033,-1.8070088346081992,2.409224170733579,0.251838101380559,4.0855584577695705,0.4567064075037393,-0.7254707640101156,-1.5862819478660217,-1.9420923400002996,0.5464422592272421,3.8431037711229004,-0.10815201130450994,-0.11271521612222805,0.07529806590472743,-0.023707206505612106,-0.48689722539806257,-0.9407597554316083,-0.5984495403797256,-0.43018906305491006,-0.8084892972952167,-0.7951274488622448,0.5169718696191082,0.8265883958432815,-1.9330152037892163,1.7484687178050562,-0.404888165089458,-2.087279325020724,-0.25261850138168457,0.0,0.0,0.0,-0.22694431581659033,0.5665070454620487,-0.24433888871261047,0.8069465847859291,-0.7716901048850686,-1.0003332771294726,-0.5388297859745496,-0.9925293573313945,3.0
Deepak Hooda,All-Rounder,Indian,2021,3.35,-0.7716901048850686,All-Rounder,Indian,LSG,-0.9128687964838476,-0.11753462453815179,0.6616165630117476,-1.1681879506622597,0.0,-1.7136458060653024,0.5013592474958423,-1.0448865363584627,-0.9132576631721352,0.07859253981471227,-0.8196731696209044,-0.8245080763062645,-0.5217700554292573,-0.22694431581659033,-1.8070088346081992,3.8317884357041114,0.9062186081330049,3.0856657246095653,-1.1922399282855525,0.4099527893668335,-1.5862819478660217,-1.9420923400002996,0.5464422592272421,3.8431037711229004,-0.10815201130450994,-0.11271521612222805,0.07529806590472743,-0.023707206505612106,-0.48689722539806257,-0.3509677674789003,-0.5102918746095753,0.3165833206014848,-0.8084892972952167,-0.7951274488622448,-0.6007200531262276,-1.7136458060653028,-1.9330152037892163,-0.5719290198427753,-0.404888165089458,-2.087279325020724,-0.90789256026066,0.0,0.0,0.0,-0.22694431581659033,0.5665070454620487,-0.24433888871261047,0.8069465847859291,-0.7716901048850686,-1.2035466830390014,-0.2664794787345593,-1.3764343428253747,3.35
Deepak Hooda,All-Rounder,Indian,2022,4.61,-0.7716901048850686,All-Rounder,Indian,LSG,-0.7577286264153821,-1.1676079142435418,-0.39377678110601466,-1.1681879506622597,0.0,-1.4854810573908785,1.090191590480789,0.9515477652167426,-0.9132576631721352,0.07859253981471227,-0.8196731696209044,-0.8245080763062645,-0.5217700554292573,-0.22694431581659033,-1.8070088346081992,2.295003682305287,0.4640696170840541,3.124123137423412,-1.0235976893980117,0.0706308078978602,-1.5862819478660217,-1.9420923400002996,0.5464422592272421,3.8431037711229004,-0.10815201130450994,-0.11271521612222805,0.07529806590472743,-0.023707206505612106,-0.48689722539806257,0.2388242204738077,-0.45152009742947496,-0.5501514752998505,-0.8084892972952167,-0.7951274488622448,1.4781869231800977,-1.4854810573908788,-1.9330152037892163,-0.5719290198427753,-0.404888165089458,-2.087279325020724,-0.46513981777486485,0.0,0.0,0.0,-0.22694431581659033,0.5665070454620487,-0.24433888871261047,0.8069465847859291,-0.7716901048850686,-1.1227231693249844,-0.06498453597976973,-1.2144912660187832,4.61
Deepak Hooda,All-Rounder,Indian,2023,3.12,-0.7716901048850686,All-Rounder,Indian,LSG,-0.726700592401689,-0.8795616852822664,-0.8862936750276379,-1.1681879506622597,0.0,-1.5767469568606483,1.217506691666723,-0.3054664246639418,-0.9132576631721352,0.07859253981471227,-0.8196731696209044,-0.8245080763062645,-0.5217700554292573,-0.22694431581659033,-1.8070088346081992,4.197813182712952,0.3756398188742658,2.6626341836572562,-1.6794286184051164,1.7933424061249572,-1.5862819478660217,-1.9420923400002996,0.5464422592272421,3.8431037711229004,-0.10815201130450994,-0.11271521612222805,0.07529806590472743,-0.023707206505612106,-0.48689722539806257,0.8286162084265156,-0.43976574199345486,-0.694564825072418,-0.8084892972952167,-0.7951274488622448,0.4690707872157372,-1.576746956860649,-1.9330152037892163,-0.5719290198427753,-0.404888165089458,-2.087279325020724,-0.3765892692777077,0.0,0.0,0.0,-0.22694431581659033,0.5665070454620487,-0.24433888871261047,0.8069465847859291,-0.7716901048850686,-0.8317585199545225,-0.6738978245244635,-0.7233906336359373,3.12
Deepak Hooda,All-Rounder,Indian,2024,3.77,-0.7716901048850686,All-Rounder,Indian,LSG,-1.1533360600899691,-0.5732268068631327,-0.8941114035025839,-1.1681879506622597,0.0,-0.405501246998606,-0.8991068655494352,1.7464243852883523,-0.9132576631721352,0.07859253981471227,-0.8196731696209044,-0.8245080763062645,-0.5217700554292573,-0.22694431581659033,-1.8070088346081992,2.071754545831809,1.0477062852686694,2.2396026427049462,2.5178893272403546,2.093511851270586,-1.5862819478660217,-1.9420923400002996,0.5464422592272421,3.8431037711229004,-0.10815201130450994,-0.11271521612222805,0.07529806590472743,-0.023707206505612106,-0.48689722539806257,1.4184081963792237,-0.6013881292387308,-0.5959969831641563,-0.8084892972952167,-0.7951274488622448,0.967242044210802,-0.405501246998606,-1.9330152037892163,-0.5719290198427753,-0.404888165089458,-2.087279325020724,-1.0495734378561146,0.0,0.0,0.0,-0.22694431581659033,0.5665070454620487,-0.24433888871261047,0.8069465847859291,-0.7716901048850686,-1.1758357640513384,-0.20005257452968367,-1.31936759633321,3.77
Jasprit Bumrah,Bowler,Indian,2019,9.91,-0.7716901048850686,Unknown,Unknown,Unknown,-0.07511187811413393,-0.055048405557134375,-0.08106764210815916,-0.3019598097012108,0.0,-0.07085961560945131,0.008013230400347505,-0.08364039115558579,-0.0969953731891917,-0.17053833877115432,-0.06688175365862088,-0.034493590236834334,-0.5217700554292573,0.043863187090601635,1.5398857894922044,-0.43850027939904,-2.1534524099257344,-1.0292774464719918,-1.3983582202592144,-0.6341148459223169,0.477095486610086,1.9197215417303917,-1.5578877896219687,-0.9738087807469461,-0.10815201130450994,-0.11271521612222805,0.07529806590472743,-0.023707206505612106,1.2379944005443462,-1.530551743384316,-0.27461704811737303,-0.1286275002141282,-0.48509357837712996,-0.15950364450694718,-0.06742133570202394,-0.07085961560945175,1.9299658252805683,1.7484687178050562,-0.404888165089458,1.9659673642502893,2.155956417741042,0.0,0.0,0.0,0.043863187090601635,0.5665070454620487,-0.24433888871261047,0.8069465847859291,-0.7716901048850686,0.39214040200059397,1.850324535260812,0.5607193347067926,9.91
Jasprit Bumrah,Bowler,Indian,2020,11.55,-0.7716901048850686,Unknown,Unknown,Unknown,-0.07511187811413393,-0.055048405557134375,-0.08106764210815916,-0.3019598097012108,0.0,-0.07085961560945131,0.008013230400347505,-0.08364039115558579,-0.0969953731891917,-0.17053833877115432,-0.06688175365862088,-0.034493590236834334,-0.5217700554292573,0.043863187090601635,0.7031621334671034,-1.077096646520849,-2.3479979659872714,-0.4524162542642968,-1.004859662854951,-2.0436061535626675,-0.2106969915486166,1.9197215417303917,-1.5578877896219687,-0.9738087807469461,-0.10815201130450994,-0.11271521612222805,0.07529806590472743,-0.023707206505612106,1.2379944005443462,-0.9407597554316083,-0.27461704811737303,-0.1286275002141282,-0.48509357837712996,-0.15950364450694718,-0.06742133570202394,-0.07085961560945175,1.9299658252805683,1.7484687178050562,-0.404888165089458,1.6355396450162394,2.350767624434791,0.0,0.0,0.0,0.043863187090601635,0.5665070454620487,-0.24433888871261047,0.8069465847859291,-0.7716901048850686,0.39214040200059397,0.01915620934640619,0.5607193347067926,11.55
Jasprit Bumrah,Bowler,Indian,2021,8.54,-0.7716901048850686,Unknown,Unknown,Unknown,-0.07511187811413393,-0.055048405557134375,-0.08106764210815916,-0.3019598097012108,0.0,-0.07085961560945131,0.008013230400347505,-0.08364039115558579,-0.0969953731891917,-0.17053833877115432,-0.06688175365862088,-0.034493590236834334,-0.5217700554292573,0.043863187090601635,1.260977904150504,-0.10103065449727103,-1.4636999838893698,0.31673200201262974,2.180604849465273,-1.364962190624721,-0.2106969915486166,1.9197215417303917,-1.5578877896219687,-0.9738087807469461,-0.10815201130450994,-0.11271521612222805,0.07529806590472743,-0.023707206505612106,1.2379944005443462,-0.3509677674789003,-0.27461704811737303,-0.1286275002141282,-0.48509357837712996,-0.15950364450694718,-0.06742133570202394,-0.07085961560945175,1.9299658252805683,1.7484687178050562,-0.404888165089458,1.8558247911722727,1.4652621394632004,0.0,0.0,0.0,0.043863187090601635,0.5665070454620487,-0.24433888871261047,0.8069465847859291,-0.7716901048850686,0.7708562948319886,-1.0104608058291673,0.8310847073633867,8.54
Jasprit Bumrah,Bowler,Indian,2022,12.0,-0.7716901048850686,Unknown,Unknown,Unknown,-0.07511187811413393,-0.055048405557134375,-0.08106764210815916,-0.3019598097012108,0.0,-0.07085961560945131,0.008013230400347505,-0.08364039115558579,-0.0969953731891917,-0.17053833877115432,-0.06688175365862088,-0.034493590236834334,-0.5217700554292573,0.043863187090601635,1.5398857894922044,-1.2328518580139733,-1.410642104963497,-0.6062459055196816,0.9813711507094227,-2.1219112262093547,1.8526804429274912,1.9197215417303917,-1.5578877896219687,-0.9738087807469461,-0.10815201130450994,-0.11271521612222805,0.07529806590472743,-0.023707206505612106,1.2379944005443462,0.2388242204738077,-0.27461704811737303,-0.1286275002141282,-0.48509357837712996,-0.15950364450694718,-0.06742133570202394,-0.07085961560945175,1.9299658252805683,1.7484687178050562,2.4698178070456938,1.9659673642502893,1.412131810364906,0.0,0.0,0.0,0.043863187090601635,0.5665070454620487,-0.24433888871261047,0.8069465847859291,-0.7716901048850686,0.07577407689144096,0.4221460948559853,0.30165686244762385,12.0
Jasprit Bumrah,Bowler,Indian,2023,12.0,-0.7716901048850686,Unknown,Unknown,Unknown,-0.07511187811413393,-0.055048405557134375,-0.08106764210815916,-0.3019598097012108,0.0,-0.07085961560945131,0.008013230400347505,-0.08364039115558579,-0.0969953731891917,-0.17053833877115432,-0.06688175365862088,-0.034493590236834334,-0.5217700554292573,0.043863187090601635,0.9820700188088037,-0.8304842283234027,-1.7466753381606988,0.009072699501858848,1.5060358939151075,-2.3176739078260695,1.8526804429274912,1.9197215417303917,-1.5578877896219687,-0.9738087807469461,-0.10815201130450994,-0.11271521612222805,0.07529806590472743,-0.023707206505612106,1.2379944005443462,0.8286162084265156,-0.27461704811737303,-0.1286275002141282,-0.48509357837712996,-0.15950364450694718,-0.06742133570202394,-0.07085961560945175,1.9299658252805683,1.7484687178050562,2.4698178070456938,1.745682218094256,1.7486238946541095,0.0,0.0,0.0,0.043863187090601635,0.5665070454620487,-0.24433888871261047,0.8069465847859291,-0.7716901048850686,0.8747722410357248,-0.34397753364024763,0.8990978430971007,12.0
Jasprit Bumrah,Bowler,Indian,2024,12.0,-0.7716901048850686,Unknown,Unknown,Unknown,-0.07511187811413393,-0.055048405557134375,-0.08106764210815916,-0.3019598097012108,0.0,-0.07085961560945131,0.008013230400347505,-0.08364039115558579,-0.0969953731891917,-0.17053833877115432,-0.06688175365862088,-0.034493590236834334,-0.5217700554292573,0.043863187090601635,1.5398857894922044,-0.043920410283125835,-1.9589068538641952,0.39364682764032216,0.2505881155300775,-2.069707844444897,1.8526804429274912,1.9197215417303917,-1.5578877896219687,-0.9738087807469461,-0.10815201130450994,-0.11271521612222805,0.07529806590472743,-0.023707206505612106,1.2379944005443462,1.4184081963792237,-0.27461704811737303,-0.1286275002141282,-0.48509357837712996,-0.15950364450694718,-0.06742133570202394,-0.07085961560945175,1.9299658252805683,1.7484687178050562,2.4698178070456938,1.9659673642502893,1.9611452110472913,0.0,0.0,0.0,0.043863187090601635,0.5665070454620487,-0.24433888871261047,0.8069465847859291,-0.7716901048850686,0.8747722410357248,-0.34397753364024763,0.8990978430971007,12.0
Yuzvendra Chahal,Bowler,Indian,2019,9.98,-0.7716901048850686,Unknown,Unknown,Unknown,-0.07511187811413393,-0.055048405557134375,-0.08106764210815916,-0.3019598097012108,0.0,-0.07085961560945131,0.008013230400347505,-0.08364039115558579,-0.0969953731891917,-0.17053833877115432,-0.06688175365862088,-0.034493590236834334,-0.5217700554292573,0.043863187090601635,1.260977904150504,-1.7546318165159385,-0.1195670511005612,-1.1831070977273765,2.3867231414389334,-1.678182481211465,-0.2106969915486166,3.227755275864981,-1.1976871506297606,-1.2880179178826812,-0.10815201130450994,-0.11271521612222805,0.07529806590472743,-0.023707206505612106,1.2379944005443462,-1.530551743384316,-0.27461704811737303,-0.1286275002141282,-0.48509357837712996,-0.15950364450694718,-0.06742133570202394,-0.07085961560945175,3.2169367745357667,1.7484687178050562,-0.404888165089458,2.7810224050276124,0.11929380230638492,0.0,0.0,0.0,0.043863187090601635,0.5665070454620487,-0.24433888871261047,0.8069465847859291,-0.7716901048850686,0.40830510474339743,1.8658241462419498,0.5730668631613139,9.98
Yuzvendra Chahal,Bowler,Indian,2020,11.34,-0.7716901048850686,Unknown,Unknown,Unknown,-0.07511187811413393,-0.055048405557134375,-0.08106764210815916,-0.3019598097012108,0.0,-0.07085961560945131,0.008013230400347505,-0.08364039115558579,-0.0969953731891917,-0.17053833877115432,-0.06688175365862088,-0.034493590236834334,-0.5217700554292573,0.043863187090601635,4.328964642909207,-0.760394383151497,-1.1630386699760833,-0.1832143645673728,1.374869708113686,-1.3519113451836058,1.8526804429274912,3.227755275864981,-1.1976871506297606,-1.2880179178826812,-0.10815201130450994,-0.11271521612222805,0.07529806590472743,-0.023707206505612106,1.2379944005443462,-0.9407597554316083,-0.27461704811737303,-0.1286275002141282,-0.48509357837712996,-0.15950364450694718,-0.06742133570202394,-0.07085961560945175,3.2169367745357667,1.7484687178050562,2.4698178070456938,3.9925907088857957,1.1641902745728598,0.0,0.0,0.0,0.043863187090601635,0.5665070454620487,-0.24433888871261047,0.8069465847859291,-0.7716901048850686,0.40830510474339743,-0.042842234578144685,0.5730668631613139,11.34
Yuzvendra Chahal,Bowler,Indian,2021,13.01,-0.7716901048850686,Unknown,Unknown,Unknown,-0.07511187811413393,-0.055048405557134375,-0.08106764210815916,-0.3019598097012108,0.0,-0.07085961560945131,0.008013230400347505,-0.08364039115558579,-0.0969953731891917,-0.17053833877115432,-0.06688175365862088,-0.034493590236834334,-0.5217700554292573,0.043863187090601635,2.097701560175605,-0.8616352706220268,-1.410642104963497,-1.2215645105412234,1.1312753630539045,-2.461233207678328,3.228265399244896,3.227755275864981,-1.1976871506297606,-1.2880179178826812,-0.10815201130450994,-0.11271521612222805,0.07529806590472743,-0.023707206505612106,1.2379944005443462,-0.3509677674789003,-0.27461704811737303,-0.1286275002141282,-0.48509357837712996,-0.15950364450694718,-0.06742133570202394,-0.07085961560945175,3.2169367745357667,1.7484687178050562,2.4698178070456938,3.1114501242616623,1.412131810364906,0.0,0.0,0.0,0.043863187090601635,0.5665070454620487,-0.24433888871261047,0.8069465847859291,-0.7716901048850686,0.7223621866035782,0.025798899766893615,0.7985062151645907,13.01
Yuzvendra Chahal,Bowler,Indian,2022,6.5,-0.7716901048850686,Unknown,Unknown,Unknown,-0.07511187811413393,-0.055048405557134375,-0.08106764210815916,-0.3019598097012108,0.0,-0.07085961560945131,0.008013230400347505,-0.08364039115558579,-0.0969953731891917,-0.17053833877115432,-0.06688175365862088,-0.034493590236834334,-0.5217700554292573,0.043863187090601635,1.5398857894922044,-1.3912029896986493,-2.0296506924320274,-0.6062459055196816,0.6628246994774011,-0.4383521643056009,1.1648879647687886,3.227755275864981,-1.1976871506297606,-1.2880179178826812,-0.10815201130450994,-0.11271521612222805,0.07529806590472743,-0.023707206505612106,1.2379944005443462,0.2388242204738077,-0.27461704811737303,-0.1286275002141282,-0.48509357837712996,-0.15950364450694718,-0.06742133570202394,-0.07085961560945175,3.2169367745357667,1.7484687178050562,2.4698178070456938,2.8911649781056292,2.031985649845019,0.0,0.0,0.0,0.043863187090601635,0.5665070454620487,-0.24433888871261047,0.8069465847859291,-0.7716901048850686,1.1080058091818885,-1.7854413548860497,1.0435505254459425,6.5
Yuzvendra Chahal,Bowler,Indian,2023,6.5,-0.7716901048850686,Unknown,Unknown,Unknown,-0.07511187811413393,-0.055048405557134375,-0.08106764210815916,-0.3019598097012108,0.0,-0.07085961560945131,0.008013230400347505,-0.08364039115558579,-0.0969953731891917,-0.17053833877115432,-0.06688175365862088,-0.034493590236834334,-0.5217700554292573,0.043863187090601635,2.097701560175605,-1.8247216616878443,-0.9331211946306291,-0.7216181439612208,-1.3608821671730948,-1.143097818125777,2.540472921086194,3.227755275864981,-1.1976871506297606,-1.2880179178826812,-0.10815201130450994,-0.11271521612222805,0.07529806590472743,-0.023707206505612106,1.2379944005443462,0.8286162084265156,-0.27461704811737303,-0.1286275002141282,-0.48509357837712996,-0.15950364450694718,-0.06742133570202394,-0.07085961560945175,3.2169367745357667,1.7484687178050562,2.4698178070456938,3.1114501242616623,0.9339588484802465,0.0,0.0,0.0,0.043863187090601635,0.5665070454620487,-0.24433888871261047,0.8069465847859291,-0.7716901048850686,-0.3953115458988301,-0.34397753364024763,-0.16283134508220054,6.5
Yuzvendra Chahal,Bowler,Indian,2024,6.5,-0.7716901048850686,Unknown,Unknown,Unknown,-0.07511187811413393,-0.055048405557134375,-0.08106764210815916,-0.3019598097012108,0.0,-0.07085961560945131,0.008013230400347505,-0.08364039115558579,-0.0969953731891917,-0.17053833877115432,-0.06688175365862088,-0.034493590236834334,-0.5217700554292573,0.043863187090601635,2.934425216200706,-1.419758111805722,-0.8977492753467138,-0.9908200336581449,0.719038779106581,0.4099527893668335,3.916057877403599,3.227755275864981,-1.1976871506297606,-1.2880179178826812,-0.10815201130450994,-0.11271521612222805,0.07529806590472743,-0.023707206505612106,1.2379944005443462,1.4184081963792237,-0.27461704811737303,-0.1286275002141282,-0.48509357837712996,-0.15950364450694718,-0.06742133570202394,-0.07085961560945175,3.2169367745357667,-0.5719290198427753,2.4698178070456938,3.4418778434957122,0.8985386290813836,0.0,0.0,0.0,0.043863187090601635,0.5665070454620487,-0.24433888871261047,0.8069465847859291,-0.7716901048850686,-0.3953115458988301,-0.34397753364024763,-0.16283134508220054,6.5
Rashid Khan,Bowler,Overseas,2019,9.68,1.295856968580587,Unknown,Unknown,Unknown,-0.07511187811413393,-0.055048405557134375,-0.08106764210815916,-0.3019598097012108,0.0,-0.07085961560945131,0.008013230400347505,-0.08364039115558579,-0.0969953731891917,-0.17053833877115432,-0.06688175365862088,-0.034493590236834334,-0.5217700554292573,0.043863187090601635,2.6555173308590057,-2.286795455784113,-2.241882208135524,-0.8754477952166057,-1.2484540079147337,-1.1039452818024333,2.540472921086194,0.8919807506246432,-2.9797324172227877,-1.8645484447372407,-0.10815201130450994,-0.11271521612222805,0.07529806590472743,-0.023707206505612106,1.2379944005443462,-1.530551743384316,-0.27461704811737303,-0.1286275002141282,-0.48509357837712996,-0.15950364450694718,-0.06742133570202394,-0.07085961560945175,0.9476151972777936,1.7484687178050562,2.4698178070456938,1.6795966742474462,2.2445069662382005,0.0,0.0,0.0,0.043863187090601635,0.5665070454620487,-0.24433888871261047,0.8069465847859291,1.295856968580587,0.33902780727423976,1.7993972420370739,0.519583728630436,9.68
Rashid Khan,Bowler,Overseas,2020,6.8,1.295856968580587,Unknown,Unknown,Unknown,-0.07511187811413393,-0.055048405557134375,-0.08106764210815916,-0.3019598097012108,0.0,-0.07085961560945131,0.008013230400347505,-0.08364039115558579,-0.0969953731891917,-0.17053833877115432,-0.06688175365862088,-0.034493590236834334,-0.5217700554292573,0.043863187090601635,2.934425216200706,-2.227089291378415,-3.603701100566292,-1.0677348592858373,1.8807964247763103,-1.769538399299266,1.1648879647687886,0.8919807506246432,-2.9797324172227877,-1.8645484447372407,-0.10815201130450994,-0.11271521612222805,0.07529806590472743,-0.023707206505612106,1.2379944005443462,-0.9407597554316083,-0.27461704811737303,-0.1286275002141282,-0.48509357837712996,-0.15950364450694718,-0.06742133570202394,-0.07085961560945175,0.9476151972777936,1.7484687178050562,2.4698178070456938,1.7897392473254627,3.6081854130944495,0.0,0.0,0.0,0.043863187090601635,0.5665070454620487,-0.24433888871261047,0.8069465847859291,1.295856968580587,0.33902780727423976,-0.981675814007054,0.519583728630436,6.8
Rashid Khan,Bowler,Overseas,2021,7.23,1.295856968580587,Unknown,Unknown,Unknown,-0.07511187811413393,-0.055048405557134375,-0.08106764210815916,-0.3019598097012108,0.0,-0.07085961560945131,0.008013230400347505,-0.08364039115558579,-0.0969953731891917,-0.17053833877115432,-0.06688175365862088,-0.034493590236834334,-0.5217700554292573,0.043863187090601635,3.213333101542406,-1.4379295531465865,-2.3303120063453138,-0.6062459055196816,-1.492048352974515,-1.3519113451836058,2.540472921086194,0.8919807506246432,-2.9797324172227877,-1.8645484447372407,-0.10815201130450994,-0.11271521612222805,0.07529806590472743,-0.023707206505612106,1.2379944005443462,-0.3509677674789003,-0.27461704811737303,-0.1286275002141282,-0.48509357837712996,-0.15950364450694718,-0.06742133570202394,-0.07085961560945175,0.9476151972777936,1.7484687178050562,2.4698178070456938,1.8998818204034795,2.3330575147353594,0.0,0.0,0.0,0.043863187090601635,0.5665070454620487,-0.24433888871261047,0.8069465847859291,1.295856968580587,-0.3260342484296726,-0.248765637613259,-0.08711114246808827,7.23
Rashid Khan,Bowler,Overseas,2022,15.0,1.295856968580587,Unknown,Unknown,Unknown,-0.07511187811413393,-0.055048405557134375,-0.08106764210815916,-0.3019598097012108,0.0,-0.07085961560945131,0.008013230400347505,-0.08364039115558579,-0.0969953731891917,-0.17053833877115432,-0.06688175365862088,-0.034493590236834334,-0.5217700554292573,0.043863187090601635,2.6555173308590057,-1.9025992674344065,-2.5071716027648954,-0.37550142863660446,-1.3608821671730948,-2.670046734736158,1.8526804429274912,0.8919807506246432,-2.9797324172227877,-1.8645484447372407,-0.10815201130450994,-0.11271521612222805,0.07529806590472743,-0.023707206505612106,1.2379944005443462,0.2388242204738077,-0.27461704811737303,-0.1286275002141282,-0.48509357837712996,-0.15950364450694718,-0.06742133570202394,-0.07085961560945175,0.9476151972777936,1.7484687178050562,2.4698178070456938,1.6795966742474462,2.5101586117296786,0.0,0.0,0.0,0.043863187090601635,0.5665070454620487,-0.24433888871261047,0.8069465847859291,1.295856968580587,-0.22673678872388,1.3764792852660321,0.016490206484388266,15.0
Rashid Khan,Bowler,Overseas,2023,15.0,1.295856968580587,Unknown,Unknown,Unknown,-0.07511187811413393,-0.055048405557134375,-0.08106764210815916,-0.3019598097012108,0.0,-0.07085961560945131,0.008013230400347505,-0.08364039115558579,-0.0969953731891917,-0.17053833877115432,-0.06688175365862088,-0.034493590236834334,-0.5217700554292573,0.043863187090601635,2.376609445517305,-2.1232524837163327,-3.3384117059369225,-0.6447033183335285,-1.3608821671730948,-2.161063762532697,3.916057877403599,0.8919807506246432,-2.9797324172227877,-1.8645484447372407,-0.10815201130450994,-0.11271521612222805,0.07529806590472743,-0.023707206505612106,1.2379944005443462,0.8286162084265156,-0.27461704811737303,-0.1286275002141282,-0.48509357837712996,-0.15950364450694718,-0.06742133570202394,-0.07085961560945175,0.9476151972777936,1.7484687178050562,2.4698178070456938,1.5694541011694294,3.3425337676029727,0.0,0.0,0.0,0.043863187090601635,0.5665070454620487,-0.24433888871261047,0.8069465847859291,1.295856968580587,1.5675452157273002,-0.34397753364024763,1.299970073804072,15.0
Rashid Khan,Bowler,Overseas,2024,15.0,1.295856968580587,Unknown,Unknown,Unknown,-0.07511187811413393,-0.055048405557134375,-0.08106764210815916,-0.3019598097012108,0.0,-0.07085961560945131,0.008013230400347505,-0.08364039115558579,-0.0969953731891917,-0.17053833877115432,-0.06688175365862088,-0.034493590236834334,-0.5217700554292573,0.043863187090601635,2.934425216200706,-1.583301083873502,-2.8255188763201393,-0.2985866030089107,1.2437035223122657,-3.2442839341451895,2.540472921086194,0.8919807506246432,-2.9797324172227877,-1.8645484447372407,-0.10815201130450994,-0.11271521612222805,0.07529806590472743,-0.023707206505612106,1.2379944005443462,1.4184081963792237,-0.27461704811737303,-0.1286275002141282,-0.48509357837712996,-0.15950364450694718,-0.06742133570202394,-0.07085961560945175,0.9476151972777936,1.7484687178050562,2.4698178070456938,1.7897392473254627,2.8289405863194506,0.0,0.0,0.0,0.043863187090601635,0.5665070454620487,-0.24433888871261047,0.8069465847859291,1.295856968580587,1.5675452157273002,-0.34397753364024763,1.299970073804072,15.0
Bhuvneshwar Kumar,Bowler,Indian,2019,11.05,-0.7716901048850686,Unknown,Unknown,Unknown,-0.07511187811413393,-0.055048405557134375,-0.08106764210815916,-0.3019598097012108,0.0,-0.07085961560945131,0.008013230400347505,-0.08364039115558579,-0.0969953731891917,-0.17053833877115432,-0.06688175365862088,-0.034493590236834334,-0.5217700554292573,0.043863187090601635,0.1453463627837029,-0.8201005475571946,-0.9861790735565037,0.8551357814064792,2.4616752476111747,-2.0958095353271253,0.477095486610086,2.6983130501438373,-2.031835998822242,-0.4520486539435691,-0.10815201130450994,-0.11271521612222805,0.07529806590472743,-0.023707206505612106,1.2379944005443462,-1.530551743384316,-0.27461704811737303,-0.1286275002141282,-0.48509357837712996,-0.15950364450694718,-0.06742133570202394,-0.07085961560945175,2.7114730880070748,1.7484687178050562,-0.404888165089458,1.9659673642502893,0.9870891775785423,0.0,0.0,0.0,0.043863187090601635,0.5665070454620487,-0.24433888871261047,0.8069465847859291,-0.7716901048850686,0.6553941323833927,2.1027467712393397,0.7525935036824252,11.05
Bhuvneshwar Kumar,Bowler,Indian,2020,11.22,-0.7716901048850686,Unknown,Unknown,Unknown,-0.07511187811413393,-0.055048405557134375,-0.08106764210815916,-0.3019598097012108,0.0,-0.07085961560945131,0.008013230400347505,-0.08364039115558579,-0.0969953731891917,-0.17053833877115432,-0.06688175365862088,-0.034493590236834334,-0.5217700554292573,0.043863187090601635,0.9820700188088037,-0.7032841389373509,-1.322212306753707,-0.06784212612583354,-1.2297159813716734,-1.143097818125777,0.477095486610086,2.6983130501438373,-2.031835998822242,-0.4520486539435691,-0.10815201130450994,-0.11271521612222805,0.07529806590472743,-0.023707206505612106,1.2379944005443462,-0.9407597554316083,-0.27461704811737303,-0.1286275002141282,-0.48509357837712996,-0.15950364450694718,-0.06742133570202394,-0.07085961560945175,2.7114730880070748,1.7484687178050562,-0.404888165089458,2.2963950834843394,1.3235812618677474,0.0,0.0,0.0,0.043863187090601635,0.5665070454620487,-0.24433888871261047,0.8069465847859291,-0.7716901048850686,0.6553941323833927,-0.30633562125748476,0.7525935036824252,11.22
Bhuvneshwar Kumar,Bowler,Indian,2021,11.84,-0.7716901048850686,Unknown,Unknown,Unknown,-0.07511187811413393,-0.055048405557134375,-0.08106764210815916,-0.3019598097012108,0.0,-0.07085961560945131,0.008013230400347505,-0.08364039115558579,-0.0969953731891917,-0.17053833877115432,-0.06688175365862088,-0.034493590236834334,-0.5217700554292573,0.043863187090601635,-0.41246940789969766,-0.5527207678273314,-2.2772541274194396,1.431996973614174,-0.9673836097688316,-2.8658094163528727,0.477095486610086,2.6983130501438373,-2.031835998822242,-0.4520486539435691,-0.10815201130450994,-0.11271521612222805,0.07529806590472743,-0.023707206505612106,1.2379944005443462,-0.3509677674789003,-0.27461704811737303,-0.1286275002141282,-0.48509357837712996,-0.15950364450694718,-0.06742133570202394,-0.07085961560945175,2.7114730880070748,1.7484687178050562,-0.404888165089458,1.745682218094256,2.2799271856370633,0.0,0.0,0.0,0.043863187090601635,0.5665070454620487,-0.24433888871261047,0.8069465847859291,-0.7716901048850686,0.6946512676159153,-0.2066952649501714,0.7796400941252013,11.84
Bhuvneshwar Kumar,Bowler,Indian,2022,14.38,-0.7716901048850686,Unknown,Unknown,Unknown,-0.07511187811413393,-0.055048405557134375,-0.08106764210815916,-0.3019598097012108,0.0,-0.07085961560945131,0.008013230400347505,-0.08364039115558579,-0.0969953731891917,-0.17053833877115432,-0.06688175365862088,-0.034493590236834334,-0.5217700554292573,0.043863187090601635,1.5398857894922044,-0.8746148715797873,-1.3045263471117479,0.5859338917095538,-1.9042849369218386,-1.2083520453313485,2.540472921086194,2.6983130501438373,-2.031835998822242,-0.4520486539435691,-0.10815201130450994,-0.11271521612222805,0.07529806590472743,-0.023707206505612106,1.2379944005443462,0.2388242204738077,-0.27461704811737303,-0.1286275002141282,-0.48509357837712996,-0.15950364450694718,-0.06742133570202394,-0.07085961560945175,2.7114730880070748,1.7484687178050562,2.4698178070456938,2.5166802296403725,1.3058711521683144,0.0,0.0,0.0,0.043863187090601635,0.5665070454620487,-0.24433888871261047,0.8069465847859291,-0.7716901048850686,0.8378243490521741,0.2184369219610333,0.8751889593365407,14.38
Bhuvneshwar Kumar,Bowler,Indian,2023,8.97,-0.7716901048850686,Unknown,Unknown,Unknown,-0.07511187811413393,-0.055048405557134375,-0.08106764210815916,-0.3019598097012108,0.0,-0.07085961560945131,0.008013230400347505,-0.08364039115558579,-0.0969953731891917,-0.17053833877115432,-0.06688175365862088,-0.034493590236834334,-0.5217700554292573,0.043863187090601635,0.1453463627837029,-0.918745514836173,-2.4717996834809783,-0.06784212612583354,-0.6863132116229296,-0.6863182276867733,-0.8984894697073191,2.6983130501438373,-2.031835998822242,-0.4520486539435691,-0.10815201130450994,-0.11271521612222805,0.07529806590472743,-0.023707206505612106,1.2379944005443462,0.8286162084265156,-0.27461704811737303,-0.1286275002141282,-0.48509357837712996,-0.15950364450694718,-0.06742133570202394,-0.07085961560945175,2.7114730880070748,1.7484687178050562,-0.404888165089458,1.9659673642502893,2.474738392330814,0.0,0.0,0.0,0.043863187090601635,0.5665070454620487,-0.24433888871261047,0.8069465847859291,-0.7716901048850686,1.4243721342910414,-1.5418760394681723,1.2236705989878924,8.97
Bhuvneshwar Kumar,Bowler,Indian,2024,12.81,-0.7716901048850686,Unknown,Unknown,Unknown,-0.07511187811413393,-0.055048405557134375,-0.08106764210815916,-0.3019598097012108,0.0,-0.07085961560945131,0.008013230400347505,-0.08364039115558579,-0.0969953731891917,-0.17053833877115432,-0.06688175365862088,-0.034493590236834334,-0.5217700554292573,0.043863187090601635,1.5398857894922044,0.6076555577964426,-2.5956014009746853,0.432104240454169,1.8807964247763103,-1.8217417810637235,2.540472921086194,2.6983130501438373,-2.031835998822242,-0.4520486539435691,-0.10815201130450994,-0.11271521612222805,0.07529806590472743,-0.023707206505612106,1.2379944005443462,1.4184081963792237,-0.27461704811737303,-0.1286275002141282,-0.48509357837712996,-0.15950364450694718,-0.06742133570202394,-0.07085961560945175,2.7114730880070748,1.7484687178050562,2.4698178070456938,2.5166802296403725,2.598709160226837,0.0,0.0,0.0,0.043863187090601635,0.5665070454620487,-0.24433888871261047,0.8069465847859291,-0.7716901048850686,0.17507153659723376,0.506286840182161,0.3867721947228901,12.81
Mohammed Shami,Bowler,Indian,2019,7.13,-0.7716901048850686,Unknown,Unknown,Unknown,-0.07511187811413393,-0.055048405557134375,-0.08106764210815916,-0.3019598097012108,0.0,-0.07085961560945131,0.008013230400347505,-0.08364039115558579,-0.0969953731891917,-0.17053833877115432,-0.06688175365862088,-0.034493590236834334,-0.5217700554292573,0.043863187090601635,0.4242542481254032,-0.7889495052585696,-0.9154352349886715,-0.7216181439612208,0.044469823556415676,-1.678182481211465,1.1648879647687886,1.0165553919707946,-0.2118748754931919,-0.6538343383426647,-0.10815201130450994,-0.11271521612222805,0.07529806590472743,-0.023707206505612106,1.2379944005443462,-1.530551743384316,-0.27461704811737303,-0.1286275002141282,-0.48509357837712996,-0.15950364450694718,-0.06742133570202394,-0.07085961560945175,1.0088440299977206,1.7484687178050562,2.4698178070456938,0.8865701480857258,0.916248738780815,0.0,0.0,0.0,0.043863187090601635,0.5665070454620487,-0.24433888871261047,0.8069465847859291,-0.7716901048850686,-0.2498292212135993,1.234768556295631,-0.007111770707248804,7.13
Mohammed Shami,Bowler,Indian,2020,6.46,-0.7716901048850686,Unknown,Unknown,Unknown,-0.07511187811413393,-0.055048405557134375,-0.08106764210815916,-0.3019598097012108,0.0,-0.07085961560945131,0.008013230400347505,-0.08364039115558579,-0.0969953731891917,-0.17053833877115432,-0.06688175365862088,-0.034493590236834334,-0.5217700554292573,0.043863187090601635,-0.1335615225579974,-1.445717313721242,-1.056922912124336,-1.4523089874243005,-0.10543438878806492,0.4621561711312899,-0.8984894697073191,1.0165553919707946,-0.2118748754931919,-0.6538343383426647,-0.10815201130450994,-0.11271521612222805,0.07529806590472743,-0.023707206505612106,1.2379944005443462,-0.9407597554316083,-0.27461704811737303,-0.1286275002141282,-0.48509357837712996,-0.15950364450694718,-0.06742133570202394,-0.07085961560945175,1.0088440299977206,-0.5719290198427753,-0.404888165089458,0.6662850019296924,1.0579296163762697,0.0,0.0,0.0,0.043863187090601635,0.5665070454620487,-0.24433888871261047,0.8069465847859291,-0.7716901048850686,-0.2498292212135993,-0.4923309530311366,-0.007111770707248804,6.46
Mohammed Shami,Bowler,Indian,2021,8.49,-0.7716901048850686,Unknown,Unknown,Unknown,-0.07511187811413393,-0.055048405557134375,-0.08106764210815916,-0.3019598097012108,0.0,-0.07085961560945131,0.008013230400347505,-0.08364039115558579,-0.0969953731891917,-0.17053833877115432,-0.06688175365862088,-0.034493590236834334,-0.5217700554292573,0.043863187090601635,0.4242542481254032,-0.1269898564127921,-1.2514684681858748,-1.1831070977273765,-1.2671920344577943,0.17503757142677526,1.1648879647687886,1.0165553919707946,-0.2118748754931919,-0.6538343383426647,-0.10815201130450994,-0.11271521612222805,0.07529806590472743,-0.023707206505612106,1.2379944005443462,-0.3509677674789003,-0.27461704811737303,-0.1286275002141282,-0.48509357837712996,-0.15950364450694718,-0.06742133570202394,-0.07085961560945175,1.0088440299977206,-0.5719290198427753,2.4698178070456938,0.8865701480857258,1.25274082307002,0.0,0.0,0.0,0.043863187090601635,0.5665070454620487,-0.24433888871261047,0.8069465847859291,-0.7716901048850686,-0.40454851889471777,0.10551118481274449,-0.17315552845356827,8.49
Mohammed Shami,Bowler,Indian,2022,6.48,-0.7716901048850686,Unknown,Unknown,Unknown,-0.07511187811413393,-0.055048405557134375,-0.08106764210815916,-0.3019598097012108,0.0,-0.07085961560945131,0.008013230400347505,-0.08364039115558579,-0.0969953731891917,-0.17053833877115432,-0.06688175365862088,-0.034493590236834334,-0.5217700554292573,0.043863187090601635,-0.1335615225579974,-1.199104895523796,-1.0392369524823781,0.009072699501858848,-1.8293328307495977,-1.5998774085647793,-0.2106969915486166,1.0165553919707946,-0.2118748754931919,-0.6538343383426647,-0.10815201130450994,-0.11271521612222805,0.07529806590472743,-0.023707206505612106,1.2379944005443462,0.2388242204738077,-0.27461704811737303,-0.1286275002141282,-0.48509357837712996,-0.15950364450694718,-0.06742133570202394,-0.07085961560945175,1.0088440299977206,1.7484687178050562,-0.404888165089458,0.6662850019296924,1.0402195066768383,0.0,0.0,0.0,0.043863187090601635,0.5665070454620487,-0.24433888871261047,0.8069465847859291,-0.7716901048850686,0.0642278606465816,-0.7890377918129146,0.2915117119890675,6.48
Mohammed Shami,Bowler,Indian,2023,8.71,-0.7716901048850686,Unknown,Unknown,Unknown,-0.07511187811413393,-0.055048405557134375,-0.08106764210815916,-0.3019598097012108,0.0,-0.07085961560945131,0.008013230400347505,-0.08364039115558579,-0.0969953731891917,-0.17053833877115432,-0.06688175365862088,-0.034493590236834334,-0.5217700554292573,0.043863187090601635,0.7031621334671034,-0.929129195602381,0.11035042424489463,-1.260021923355069,-0.14291044187418572,0.47520701657240627,0.477095486610086,1.0165553919707946,-0.2118748754931919,-0.6538343383426647,-0.10815201130450994,-0.11271521612222805,0.07529806590472743,-0.023707206505612106,1.2379944005443462,0.8286162084265156,-0.27461704811737303,-0.1286275002141282,-0.48509357837712996,-0.15950364450694718,-0.06742133570202394,-0.07085961560945175,1.0088440299977206,-0.5719290198427753,-0.404888165089458,0.9967127211637424,-0.11093762378622996,0.0,0.0,0.0,0.043863187090601635,0.5665070454620487,-0.24433888871261047,0.8069465847859291,-0.7716901048850686,-0.3999300323967738,0.149795787615995,-0.16798653556756826,8.71
Mohammed Shami,Bowler,Indian,2024,5.45,-0.7716901048850686,Unknown,Unknown,Unknown,-0.07511187811413393,-0.055048405557134375,-0.08106764210815916,-0.3019598097012108,0.0,-0.07085961560945131,0.008013230400347505,-0.08364039115558579,-0.0969953731891917,-0.17053833877115432,-0.06688175365862088,-0.034493590236834334,-0.5217700554292573,0.043863187090601635,1.260977904150504,0.27797369346933015,0.05729254531902166,-1.2215645105412234,2.0119626105777306,-0.02072511018994074,1.1648879647687886,1.0165553919707946,-0.2118748754931919,-0.6538343383426647,-0.10815201130450994,-0.11271521612222805,0.07529806590472743,-0.023707206505612106,1.2379944005443462,1.4184081963792237,-0.27461704811737303,-0.1286275002141282,-0.48509357837712996,-0.15950364450694718,-0.06742133570202394,-0.07085961560945175,1.0088440299977206,-0.5719290198427753,2.4698178070456938,1.2169978673197759,-0.05780729468793567,0.0,0.0,0.0,0.043863187090601635,0.5665070454620487,-0.24433888871261047,0.8069465847859291,-0.7716901048850686,0.11503121212396396,-1.06581655933323,0.33575697048135195,5.45
Trent Boult,Bowler,Overseas,2019,8.75,1.295856968580587,Unknown,Unknown,Unknown,-0.07511187811413393,-0.055048405557134375,-0.08106764210815916,-0.3019598097012108,0.0,-0.07085961560945131,0.008013230400347505,-0.08364039115558579,-0.0969953731891917,-0.17053833877115432,-0.06688175365862088,-0.034493590236834334,-0.5217700554292573,0.043863187090601635,0.1453463627837029,0.2909532944270907,-0.8977492753467138,-0.1832143645673728,0.41923035441761847,-0.5819114641578582,0.477095486610086,0.6739751282688784,-0.42041208754131426,-0.7979669700563046,-0.10815201130450994,-0.11271521612222805,0.07529806590472743,-0.023707206505612106,1.2379944005443462,-1.530551743384316,-0.27461704811737303,-0.1286275002141282,-0.48509357837712996,-0.15950364450694718,-0.06742133570202394,-0.07085961560945175,0.6736389578470469,1.7484687178050562,-0.404888165089458,0.5341139142360727,0.8985386290813836,0.0,0.0,0.0,0.043863187090601635,0.5665070454620487,-0.24433888871261047,0.8069465847859291,1.295856968580587,0.12426818511985142,1.5934738390019594,0.3436937450287318,8.75
Trent Boult,Bowler,Overseas,2020,5.15,1.295856968580587,Unknown,Unknown,Unknown,-0.07511187811413393,-0.055048405557134375,-0.08106764210815916,-0.3019598097012108,0.0,-0.07085961560945131,0.008013230400347505,-0.08364039115558579,-0.0969953731891917,-0.17053833877115432,-0.06688175365862088,-0.034493590236834334,-0.5217700554292573,0.043863187090601635,0.4242542481254032,-1.082288486903953,0.4817555767260117,-1.4523089874243005,1.7121541858887692,1.2321560521570398,0.477095486610086,0.6739751282688784,-0.42041208754131426,-0.7979669700563046,-0.10815201130450994,-0.11271521612222805,0.07529806590472743,-0.023707206505612106,1.2379944005443462,-0.9407597554316083,-0.27461704811737303,-0.1286275002141282,-0.48509357837712996,-0.15950364450694718,-0.06742133570202394,-0.07085961560945175,0.6736389578470469,-0.5719290198427753,-0.404888165089458,0.6442564873140894,-0.4828499274742963,0.0,0.0,0.0,0.043863187090601635,0.5665070454620487,-0.24433888871261047,0.8069465847859291,1.295856968580587,0.12426818511985142,-1.1411003840987557,0.3436937450287318,5.15
Trent Boult,Bowler,Overseas,2021,6.15,1.295856968580587,Unknown,Unknown,Unknown,-0.07511187811413393,-0.055048405557134375,-0.08106764210815916,-0.3019598097012108,0.0,-0.07085961560945131,0.008013230400347505,-0.08364039115558579,-0.0969953731891917,-0.17053833877115432,-0.06688175365862088,-0.034493590236834334,-0.5217700554292573,0.043863187090601635,-0.1335615225579974,-1.2094885762900047,-1.1807246296180427,-0.5677884927058361,-0.8924315035965914,-1.8086909356226093,-0.8984894697073191,0.6739751282688784,-0.42041208754131426,-0.7979669700563046,-0.10815201130450994,-0.11271521612222805,0.07529806590472743,-0.023707206505612106,1.2379944005443462,-0.3509677674789003,-0.27461704811737303,-0.1286275002141282,-0.48509357837712996,-0.15950364450694718,-0.06742133570202394,-0.07085961560945175,0.6736389578470469,1.7484687178050562,-0.404888165089458,0.423971341158056,1.1819003842722928,0.0,0.0,0.0,0.043863187090601635,0.5665070454620487,-0.24433888871261047,0.8069465847859291,1.295856968580587,-0.7070593845100389,-0.12255451962399537,-0.5459642379085645,6.15
Trent Boult,Bowler,Overseas,2022,5.68,1.295856968580587,Unknown,Unknown,Unknown,-0.07511187811413393,-0.055048405557134375,-0.08106764210815916,-0.3019598097012108,0.0,-0.07085961560945131,0.008013230400347505,-0.08364039115558579,-0.0969953731891917,-0.17053833877115432,-0.06688175365862088,-0.034493590236834334,-0.5217700554292573,0.043863187090601635,-0.1335615225579974,-1.1757416137998273,-0.08419513181664275,-1.3753941617966081,-1.735642698034297,-1.6520807903292367,-0.2106969915486166,0.6739751282688784,-0.42041208754131426,-0.7979669700563046,-0.10815201130450994,-0.11271521612222805,0.07529806590472743,-0.023707206505612106,1.2379944005443462,0.2388242204738077,-0.27461704811737303,-0.1286275002141282,-0.48509357837712996,-0.15950364450694718,-0.06742133570202394,-0.07085961560945175,0.6736389578470469,1.7484687178050562,-0.404888165089458,0.423971341158056,0.08387358290751892,0.0,0.0,0.0,0.043863187090601635,0.5665070454620487,-0.24433888871261047,0.8069465847859291,1.295856968580587,-0.4761350596128472,-0.4480463502278863,-0.2550968460844037,5.68
Trent Boult,Bowler,Overseas,2023,7.05,1.295856968580587,Unknown,Unknown,Unknown,-0.07511187811413393,-0.055048405557134375,-0.08106764210815916,-0.3019598097012108,0.0,-0.07085961560945131,0.008013230400347505,-0.08364039115558579,-0.0969953731891917,-0.17053833877115432,-0.06688175365862088,-0.034493590236834334,-0.5217700554292573,0.043863187090601635,0.7031621334671034,-1.1653579330336192,-0.7208896789271325,-1.3753941617966081,1.974486557491611,-1.7042841720936943,1.8526804429274912,0.6739751282688784,-0.42041208754131426,-0.7979669700563046,-0.10815201130450994,-0.11271521612222805,0.07529806590472743,-0.023707206505612106,1.2379944005443462,0.8286162084265156,-0.27461704811737303,-0.1286275002141282,-0.48509357837712996,-0.15950364450694718,-0.06742133570202394,-0.07085961560945175,0.6736389578470469,1.7484687178050562,2.4698178070456938,0.754399060392106,0.7214375320870646,0.0,0.0,0.0,0.043863187090601635,0.5665070454620487,-0.24433888871261047,0.8069465847859291,1.295856968580587,-0.5846694923145275,-0.040628004437982014,-0.38636797797567657,7.05
Trent Boult,Bowler,Overseas,2024,8.22,1.295856968580587,Unknown,Unknown,Unknown,-0.07511187811413393,-0.055048405557134375,-0.08106764210815916,-0.3019598097012108,0.0,-0.07085961560945131,0.008013230400347505,-0.08364039115558579,-0.0969953731891917,-0.17053833877115432,-0.06688175365862088,-0.034493590236834334,-0.5217700554292573,0.043863187090601635,-0.1335615225579974,-0.9524924773263496,-0.03113725289076977,-1.1061922720996842,-1.210977954828613,0.37080025304349123,-0.2106969915486166,0.6739751282688784,-0.42041208754131426,-0.7979669700563046,-0.10815201130450994,-0.11271521612222805,0.07529806590472743,-0.023707206505612106,1.2379944005443462,1.4184081963792237,-0.27461704811737303,-0.1286275002141282,-0.48509357837712996,-0.15950364450694718,-0.06742133570202394,-0.07085961560945175,0.6736389578470469,-0.5719290198427753,-0.404888165089458,0.423971341158056,0.030743253809224626,0.0,0.0,0.0,0.043863187090601635,0.5665070454620487,-0.24433888871261047,0.8069465847859291,1.295856968580587,-0.26830316720537467,-0.08491260724123231,-0.026203324945876225,8.22
Kagiso Rabada,Bowler,Overseas,2019,4.02,1.295856968580587,Unknown,Unknown,Unknown,-0.07511187811413393,-0.055048405557134375,-0.08106764210815916,-0.3019598097012108,0.0,-0.07085961560945131,0.008013230400347505,-0.08364039115558579,-0.0969953731891917,-0.17053833877115432,-0.06688175365862088,-0.034493590236834334,-0.5217700554292573,0.043863187090601635,0.9820700188088037,-0.6643453360640702,0.5878713345777608,-1.4907664002381473,-1.0798117690271927,0.0706308078978602,1.1648879647687886,0.019958261201583904,0.20519954860304615,-1.1727118125117686,-0.10815201130450994,-0.11271521612222805,0.07529806590472743,-0.023707206505612106,1.2379944005443462,-1.530551743384316,-0.27461704811737303,-0.1286275002141282,-0.48509357837712996,-0.15950364450694718,-0.06742133570202394,-0.07085961560945175,0.014908664536883498,-0.5719290198427753,2.4698178070456938,0.4019428265424529,-0.589110585670888,0.0,0.0,0.0,0.043863187090601635,0.5665070454620487,-0.24433888871261047,0.8069465847859291,1.295856968580587,-0.9680038716438659,0.5461429827050863,-0.9379223884481573,4.02
Kagiso Rabada,Bowler,Overseas,2020,4.75,1.295856968580587,Unknown,Unknown,Unknown,-0.07511187811413393,-0.055048405557134375,-0.08106764210815916,-0.3019598097012108,0.0,-0.07085961560945131,0.008013230400347505,-0.08364039115558579,-0.0969953731891917,-0.17053833877115432,-0.06688175365862088,-0.034493590236834334,-0.5217700554292573,0.043863187090601635,0.7031621334671034,-1.5287867598509084,0.5524994152938455,-1.8368831155627645,-0.9673836097688316,-0.4383521643056009,-0.2106969915486166,0.019958261201583904,0.20519954860304615,-1.1727118125117686,-0.10815201130450994,-0.11271521612222805,0.07529806590472743,-0.023707206505612106,1.2379944005443462,-0.9407597554316083,-0.27461704811737303,-0.1286275002141282,-0.48509357837712996,-0.15950364450694718,-0.06742133570202394,-0.07085961560945175,0.014908664536883498,1.7484687178050562,-0.404888165089458,0.2918002534644362,-0.5536903662720252,0.0,0.0,0.0,0.043863187090601635,0.5665070454620487,-0.24433888871261047,0.8069465847859291,1.295856968580587,-0.9680038716438659,-0.18233873340838339,-0.9379223884481573,4.75
Kagiso Rabada,Bowler,Overseas,2021,4.66,1.295856968580587,Unknown,Unknown,Unknown,-0.07511187811413393,-0.055048405557134375,-0.08106764210815916,-0.3019598097012108,0.0,-0.07085961560945131,0.008013230400347505,-0.08364039115558579,-0.0969953731891917,-0.17053833877115432,-0.06688175365862088,-0.034493590236834334,-0.5217700554292573,0.043863187090601635,1.8187936748339046,-0.4982064438047377,1.1538220431204185,-0.7600755567750678,-0.5364089992784477,-0.3339454007766859,0.477095486610086,0.019958261201583904,0.20519954860304615,-1.1727118125117686,-0.10815201130450994,-0.11271521612222805,0.07529806590472743,-0.023707206505612106,1.2379944005443462,-0.3509677674789003,-0.27461704811737303,-0.1286275002141282,-0.48509357837712996,-0.15950364450694718,-0.06742133570202394,-0.07085961560945175,0.014908664536883498,1.7484687178050562,-0.404888165089458,0.7323705457765028,-1.1558340960527065,0.0,0.0,0.0,0.043863187090601635,0.5665070454620487,-0.24433888871261047,0.8069465847859291,1.295856968580587,-0.7994291144689157,-0.36390560490171026,-0.6758025770403038,4.66
Kagiso Rabada,Bowler,Overseas,2022,4.62,1.295856968580587,Unknown,Unknown,Unknown,-0.07511187811413393,-0.055048405557134375,-0.08106764210815916,-0.3019598097012108,0.0,-0.07085961560945131,0.008013230400347505,-0.08364039115558579,-0.0969953731891917,-0.17053833877115432,-0.06688175365862088,-0.034493590236834334,-0.5217700554292573,0.043863187090601635,0.4242542481254032,-1.1757416137998273,0.6763011327875522,-0.9523626208442993,2.5553653803264758,0.13588503510343067,1.1648879647687886,0.019958261201583904,0.20519954860304615,-1.1727118125117686,-0.10815201130450994,-0.11271521612222805,0.07529806590472743,-0.023707206505612106,1.2379944005443462,0.2388242204738077,-0.27461704811737303,-0.1286275002141282,-0.48509357837712996,-0.15950364450694718,-0.06742133570202394,-0.07085961560945175,0.014908664536883498,-0.5719290198427753,2.4698178070456938,0.18165768038641952,-0.6776611341680483,0.0,0.0,0.0,0.043863187090601635,0.5665070454620487,-0.24433888871261047,0.8069465847859291,1.295856968580587,-0.820212303709663,-0.3528344542008977,-0.7062599294957391,4.62
Kagiso Rabada,Bowler,Overseas,2023,5.74,1.295856968580587,Unknown,Unknown,Unknown,-0.07511187811413393,-0.055048405557134375,-0.08106764210815916,-0.3019598097012108,0.0,-0.07085961560945131,0.008013230400347505,-0.08364039115558579,-0.0969953731891917,-0.17053833877115432,-0.06688175365862088,-0.034493590236834334,-0.5217700554292573,0.043863187090601635,0.1453463627837029,-1.6741582905778247,-0.04882321253272743,-1.6061386386796868,0.9251570710802428,0.20113926230900342,1.1648879647687886,0.019958261201583904,0.20519954860304615,-1.1727118125117686,-0.10815201130450994,-0.11271521612222805,0.07529806590472743,-0.023707206505612106,1.2379944005443462,0.8286162084265156,-0.27461704811737303,-0.1286275002141282,-0.48509357837712996,-0.15950364450694718,-0.06742133570202394,-0.07085961560945175,0.014908664536883498,-0.5719290198427753,2.4698178070456938,0.07151510730840285,0.04845336350865606,0.0,0.0,0.0,0.043863187090601635,0.5665070454620487,-0.24433888871261047,0.8069465847859291,1.295856968580587,-0.8294492767055507,-0.09598375794204507,-0.7199523109290261,5.74
Kagiso Rabada,Bowler,Overseas,2024,4.49,1.295856968580587,Unknown,Unknown,Unknown,-0.07511187811413393,-0.055048405557134375,-0.08106764210815916,-0.3019598097012108,0.0,-0.07085961560945131,0.008013230400347505,-0.08364039115558579,-0.0969953731891917,-0.17053833877115432,-0.06688175365862088,-0.034493590236834334,-0.5217700554292573,0.043863187090601635,0.4242542481254032,-1.6481990886623037,0.03960658567706086,-0.8369903824027601,-0.9861216363118921,-0.5558097732756301,-0.2106969915486166,0.019958261201583904,0.20519954860304615,-1.1727118125117686,-0.10815201130450994,-0.11271521612222805,0.07529806590472743,-0.023707206505612106,1.2379944005443462,1.4184081963792237,-0.27461704811737303,-0.1286275002141282,-0.48509357837712996,-0.15950364450694718,-0.06742133570202394,-0.07085961560945175,0.014908664536883498,1.7484687178050562,-0.404888165089458,0.18165768038641952,-0.040097184988501094,0.0,0.0,0.0,0.043863187090601635,0.5665070454620487,-0.24433888871261047,0.8069465847859291,1.295856968580587,-0.5708140328206959,-0.6207563011605629,-0.36910451549855094,4.49
Harshal Patel,Bowler,Indian,2019,8.08,-0.7716901048850686,Unknown,Unknown,Unknown,-0.07511187811413393,-0.055048405557134375,-0.08106764210815916,-0.3019598097012108,0.0,-0.07085961560945131,0.008013230400347505,-0.08364039115558579,-0.0969953731891917,-0.17053833877115432,-0.06688175365862088,-0.034493590236834334,-0.5217700554292573,0.043863187090601635,0.1453463627837029,-0.9628761580925577,1.7905165902309066,-1.4523089874243005,-1.698166644948177,2.680799896120734,0.477095486610086,1.1722736936534837,0.906642898219452,-0.7403139173708488,-0.10815201130450994,-0.11271521612222805,0.07529806590472743,-0.023707206505612106,1.2379944005443462,-1.530551743384316,-0.27461704811737303,-0.1286275002141282,-0.48509357837712996,-0.15950364450694718,-0.06742133570202394,-0.07085961560945175,1.1437828133663603,-0.5719290198427753,-0.404888165089458,0.8865701480857258,-1.7933980452322504,0.0,0.0,0.0,0.043863187090601635,0.5665070454620487,-0.24433888871261047,0.8069465847859291,-0.7716901048850686,-0.03045111256126706,1.4451204196110703,0.20624710146760505,8.08
Harshal Patel,Bowler,Indian,2020,5.71,-0.7716901048850686,Unknown,Unknown,Unknown,-0.07511187811413393,-0.055048405557134375,-0.08106764210815916,-0.3019598097012108,0.0,-0.07085961560945131,0.008013230400347505,-0.08364039115558579,-0.0969953731891917,-0.17053833877115432,-0.06688175365862088,-0.034493590236834334,-0.5217700554292573,0.043863187090601635,0.7031621334671034,-1.144590571501203,1.0477062852686694,-0.5293310798919892,-2.016713096180199,1.9369017059772144,1.1648879647687886,1.1722736936534837,0.906642898219452,-0.7403139173708488,-0.10815201130450994,-0.11271521612222805,0.07529806590472743,-0.023707206505612106,1.2379944005443462,-0.9407597554316083,-0.27461704811737303,-0.1286275002141282,-0.48509357837712996,-0.15950364450694718,-0.06742133570202394,-0.07085961560945175,1.1437828133663603,-0.5719290198427753,2.4698178070456938,1.106855294241759,-1.0495734378561146,0.0,0.0,0.0,0.043863187090601635,0.5665070454620487,-0.24433888871261047,0.8069465847859291,-0.7716901048850686,-0.03045111256126706,-0.8687500768587655,0.20624710146760505,5.71
Harshal Patel,Bowler,Indian,2021,6.2,-0.7716901048850686,Unknown,Unknown,Unknown,-0.07511187811413393,-0.055048405557134375,-0.08106764210815916,-0.3019598097012108,0.0,-0.07085961560945131,0.008013230400347505,-0.08364039115558579,-0.0969953731891917,-0.17053833877115432,-0.06688175365862088,-0.034493590236834334,-0.5217700554292573,0.043863187090601635,-0.1335615225579974,-1.0173904821151514,0.5171274960099301,-0.9908200336581449,-1.1922399282855525,1.075545906863666,0.477095486610086,1.1722736936534837,0.906642898219452,-0.7403139173708488,-0.10815201130450994,-0.11271521612222805,0.07529806590472743,-0.023707206505612106,1.2379944005443462,-0.3509677674789003,-0.27461704811737303,-0.1286275002141282,-0.48509357837712996,-0.15950364450694718,-0.06742133570202394,-0.07085961560945175,1.1437828133663603,-0.5719290198427753,-0.404888165089458,0.7764275750077091,-0.5182701468731623,0.0,0.0,0.0,0.043863187090601635,0.5665070454620487,-0.24433888871261047,0.8069465847859291,-0.7716901048850686,-0.5777417625676117,-0.23548025677228396,-0.37771695070135525,6.2
Harshal Patel,Bowler,Indian,2022,7.37,-0.7716901048850686,Unknown,Unknown,Unknown,-0.07511187811413393,-0.055048405557134375,-0.08106764210815916,-0.3019598097012108,0.0,-0.07085961560945131,0.008013230400347505,-0.08364039115558579,-0.0969953731891917,-0.17053833877115432,-0.06688175365862088,-0.034493590236834334,-0.5217700554292573,0.043863187090601635,0.4242542481254032,-1.3652437877831283,0.1634083031707676,-0.9908200336581449,-1.810594804206538,1.5062238064204403,1.1648879647687886,1.1722736936534837,0.906642898219452,-0.7403139173708488,-0.10815201130450994,-0.11271521612222805,0.07529806590472743,-0.023707206505612106,1.2379944005443462,0.2388242204738077,-0.27461704811737303,-0.1286275002141282,-0.48509357837712996,-0.15950364450694718,-0.06742133570202394,-0.07085961560945175,1.1437828133663603,-0.5719290198427753,2.4698178070456938,0.9967127211637424,-0.16406795288452425,0.0,0.0,0.0,0.043863187090601635,0.5665070454620487,-0.24433888871261047,0.8069465847859291,-0.7716901048850686,-0.4645888433679876,-0.08491260724123251,-0.2416430098294864,7.37
Harshal Patel,Bowler,Indian,2023,10.16,-0.7716901048850686,Unknown,Unknown,Unknown,-0.07511187811413393,-0.055048405557134375,-0.08106764210815916,-0.3019598097012108,0.0,-0.07085961560945131,0.008013230400347505,-0.08364039115558579,-0.0969953731891917,-0.17053833877115432,-0.06688175365862088,-0.034493590236834334,-0.5217700554292573,0.043863187090601635,0.1453463627837029,0.22865120982984147,-0.04882321253272743,-0.683160731147374,0.8689429914510629,-0.46445385518782906,1.1648879647687886,1.1722736936534837,0.906642898219452,-0.7403139173708488,-0.10815201130450994,-0.11271521612222805,0.07529806590472743,-0.023707206505612106,1.2379944005443462,0.8286162084265156,-0.27461704811737303,-0.1286275002141282,-0.48509357837712996,-0.15950364450694718,-0.06742133570202394,-0.07085961560945175,1.1437828133663603,1.7484687178050562,2.4698178070456938,0.8865701480857258,0.04845336350865606,0.0,0.0,0.0,0.043863187090601635,0.5665070454620487,-0.24433888871261047,0.8069465847859291,-0.7716901048850686,-0.19440738323827322,0.27379267546509617,0.04905561433080209,10.16
Harshal Patel,Bowler,Indian,2024,5.66,-0.7716901048850686,Unknown,Unknown,Unknown,-0.07511187811413393,-0.055048405557134375,-0.08106764210815916,-0.3019598097012108,0.0,-0.07085961560945131,0.008013230400347505,-0.08364039115558579,-0.0969953731891917,-0.17053833877115432,-0.06688175365862088,-0.034493590236834334,-0.5217700554292573,0.043863187090601635,0.7031621334671034,-1.2743865810788064,-0.42022836501384764,-1.413851574610455,-1.3234061140869742,-0.5688606187167441,0.477095486610086,1.1722736936534837,0.906642898219452,-0.7403139173708488,-0.10815201130450994,-0.11271521612222805,0.07529806590472743,-0.023707206505612106,1.2379944005443462,1.4184081963792237,-0.27461704811737303,-0.1286275002141282,-0.48509357837712996,-0.15950364450694718,-0.06742133570202394,-0.07085961560945175,1.1437828133663603,1.7484687178050562,-0.404888165089458,1.106855294241759,0.4203656671967255,0.0,0.0,0.0,0.043863187090601635,0.5665070454620487,-0.24433888871261047,0.8069465847859291,-0.7716901048850686,0.4498714832248919,-1.3403810967133827,0.6044597123991711,5.66
Arshdeep Singh,Bowler,Indian,2019,6.35,-0.7716901048850686,Unknown,Unknown,Unknown,-0.07511187811413393,-0.055048405557134375,-0.08106764210815916,-0.3019598097012108,0.0,-0.07085961560945131,0.008013230400347505,-0.08364039115558579,-0.0969953731891917,-0.17053833877115432,-0.06688175365862088,-0.034493590236834334,-0.5217700554292573,0.043863187090601635,3.213333101542406,0.4363248251540071,0.3225819399483897,0.047530112315705725,0.5878725933051608,1.467071270097098,1.8526804429274912,-0.10461638014456742,0.22415747697105667,-0.10613033783083353,-0.10815201130450994,-0.11271521612222805,0.07529806590472743,-0.023707206505612106,1.2379944005443462,-1.530551743384316,-0.27461704811737303,-0.1286275002141282,-0.48509357837712996,-0.15950364450694718,-0.06742133570202394,-0.07085961560945175,-0.1087293562467847,-0.5719290198427753,2.4698178070456938,1.1949693527041727,-0.3234589401794103,0.0,0.0,0.0,0.043863187090601635,0.5665070454620487,-0.24433888871261047,0.8069465847859291,-0.7716901048850686,-0.42995019463340894,1.062058605362954,-0.20183504920806983,6.35
Arshdeep Singh,Bowler,Indian,2020,5.93,-0.7716901048850686,Unknown,Unknown,Unknown,-0.07511187811413393,-0.055048405557134375,-0.08106764210815916,-0.3019598097012108,0.0,-0.07085961560945131,0.008013230400347505,-0.08364039115558579,-0.0969953731891917,-0.17053833877115432,-0.06688175365862088,-0.034493590236834334,-0.5217700554292573,0.043863187090601635,2.376609445517305,-0.22044298330866638,-0.40254240537189,-0.029384713311986662,-1.5670004591467555,-0.2947928644533413,2.540472921086194,-0.10461638014456742,0.22415747697105667,-0.10613033783083353,-0.10815201130450994,-0.11271521612222805,0.07529806590472743,-0.023707206505612106,1.2379944005443462,-0.9407597554316083,-0.27461704811737303,-0.1286275002141282,-0.48509357837712996,-0.15950364450694718,-0.06742133570202394,-0.07085961560945175,-0.1087293562467847,1.7484687178050562,2.4698178070456938,0.8645416334701227,0.4026555574972941,0.0,0.0,0.0,0.043863187090601635,0.5665070454620487,-0.24433888871261047,0.8069465847859291,-0.7716901048850686,-0.42995019463340894,-0.43697519952707353,-0.20183504920806983,5.93
Arshdeep Singh,Bowler,Indian,2021,6.65,-0.7716901048850686,Unknown,Unknown,Unknown,-0.07511187811413393,-0.055048405557134375,-0.08106764210815916,-0.3019598097012108,0.0,-0.07085961560945131,0.008013230400347505,-0.08364039115558579,-0.0969953731891917,-0.17053833877115432,-0.06688175365862088,-0.034493590236834334,-0.5217700554292573,0.043863187090601635,1.8187936748339046,-1.0096027215404948,0.11035042424489463,-0.7985329695889133,-1.5670004591467555,-1.5476740268003217,2.540472921086194,-0.10461638014456742,0.22415747697105667,-0.10613033783083353,-0.10815201130450994,-0.11271521612222805,0.07529806590472743,-0.023707206505612106,1.2379944005443462,-0.3509677674789003,-0.27461704811737303,-0.1286275002141282,-0.48509357837712996,-0.15950364450694718,-0.06742133570202394,-0.07085961560945175,-0.1087293562467847,1.7484687178050562,2.4698178070456938,0.6442564873140894,-0.11093762378622996,0.0,0.0,0.0,0.043863187090601635,0.5665070454620487,-0.24433888871261047,0.8069465847859291,-0.7716901048850686,-0.5269384110902295,-0.18455296354854586,-0.31543355941974366,6.65
Arshdeep Singh,Bowler,Indian,2022,5.29,-0.7716901048850686,Unknown,Unknown,Unknown,-0.07511187811413393,-0.055048405557134375,-0.08106764210815916,-0.3019598097012108,0.0,-0.07085961560945131,0.008013230400347505,-0.08364039115558579,-0.0969953731891917,-0.17053833877115432,-0.06688175365862088,-0.034493590236834334,-0.5217700554292573,0.043863187090601635,2.934425216200706,0.8309046942699213,1.0830782045525877,0.047530112315705725,-1.3046680875439136,0.7101222345124646,0.477095486610086,-0.10461638014456742,0.22415747697105667,-0.10613033783083353,-0.10815201130450994,-0.11271521612222805,0.07529806590472743,-0.023707206505612106,1.2379944005443462,0.2388242204738077,-0.27461704811737303,-0.1286275002141282,-0.48509357837712996,-0.15950364450694718,-0.06742133570202394,-0.07085961560945175,-0.1087293562467847,-0.5719290198427753,-0.404888165089458,1.084826779626156,-1.0849936572549808,0.0,0.0,0.0,0.043863187090601635,0.5665070454620487,-0.24433888871261047,0.8069465847859291,-0.7716901048850686,-0.36067289716425127,-0.6451128327023508,-0.12460004252280218,5.29
Arshdeep Singh,Bowler,Indian,2023,4.89,-0.7716901048850686,Unknown,Unknown,Unknown,-0.07511187811413393,-0.055048405557134375,-0.08106764210815916,-0.3019598097012108,0.0,-0.07085961560945131,0.008013230400347505,-0.08364039115558579,-0.0969953731891917,-0.17053833877115432,-0.06688175365862088,-0.034493590236834334,-0.5217700554292573,0.043863187090601635,2.934425216200706,0.8309046942699213,1.118450123836503,0.5090190660818614,-1.641952565318997,0.6579188527480059,3.228265399244896,-0.10461638014456742,0.22415747697105667,-0.10613033783083353,-0.10815201130450994,-0.11271521612222805,0.07529806590472743,-0.023707206505612106,1.2379944005443462,0.8286162084265156,-0.27461704811737303,-0.1286275002141282,-0.48509357837712996,-0.15950364450694718,-0.06742133570202394,-0.07085961560945175,-0.1087293562467847,-0.5719290198427753,2.4698178070456938,1.084826779626156,-1.1204138766538436,0.0,0.0,0.0,0.043863187090601635,0.5665070454620487,-0.24433888871261047,0.8069465847859291,-0.7716901048850686,-0.6747299790244322,-0.4325467392467486,-0.5025079857739955,4.89
Arshdeep Singh,Bowler,Indian,2024,6.76,-0.7716901048850686,Unknown,Unknown,Unknown,-0.07511187811413393,-0.055048405557134375,-0.08106764210815916,-0.3019598097012108,0.0,-0.07085961560945131,0.008013230400347505,-0.08364039115558579,-0.0969953731891917,-0.17053833877115432,-0.06688175365862088,-0.034493590236834334,-0.5217700554292573,0.043863187090601635,2.376609445517305,-0.22303890350021885,1.330681639539998,-0.9908200336581449,0.2693261420731379,0.866732379805836,0.477095486610086,-0.10461638014456742,0.22415747697105667,-0.10613033783083353,-0.10815201130450994,-0.11271521612222805,0.07529806590472743,-0.023707206505612106,1.2379944005443462,1.4184081963792237,-0.27461704811737303,-0.1286275002141282,-0.48509357837712996,-0.15950364450694718,-0.06742133570202394,-0.07085961560945175,-0.1087293562467847,-0.5719290198427753,-0.404888165089458,0.8645416334701227,-1.332935193047024,0.0,0.0,0.0,0.043863187090601635,0.5665070454620487,-0.24433888871261047,0.8069465847859291,-0.7716901048850686,-0.767099708983309,0.0700835025701441,-0.6293593621013531,6.76
Kuldeep Yadav,Bowler,Indian,2019,7.07,-0.7716901048850686,Unknown,Unknown,Unknown,-0.07511187811413393,-0.055048405557134375,-0.08106764210815916,-0.3019598097012108,0.0,-0.07085961560945131,0.008013230400347505,-0.08364039115558579,-0.0969953731891917,-0.17053833877115432,-0.06688175365862088,-0.034493590236834334,-0.5217700554292573,0.043863187090601635,0.1453463627837029,-1.0096027215404948,-0.5617160421495105,-0.9139052080304525,-1.7169046714912373,-0.9995385182735184,-0.2106969915486166,0.6428314679323406,-0.9512340818456188,-0.8556200227417614,-0.10815201130450994,-0.11271521612222805,0.07529806590472743,-0.023707206505612106,1.2379944005443462,-1.530551743384316,-0.27461704811737303,-0.1286275002141282,-0.48509357837712996,-0.15950364450694718,-0.06742133570202394,-0.07085961560945175,0.6532144173476302,1.7484687178050562,-0.404888165089458,0.5120853996204695,0.5620465447921785,0.0,0.0,0.0,0.043863187090601635,0.5665070454620487,-0.24433888871261047,0.8069465847859291,-0.7716901048850686,-0.26368468070743073,1.2214831754546558,-0.021412707873275767,7.07
Kuldeep Yadav,Bowler,Indian,2020,9.0,-0.7716901048850686,Unknown,Unknown,Unknown,-0.07511187811413393,-0.055048405557134375,-0.08106764210815916,-0.3019598097012108,0.0,-0.07085961560945131,0.008013230400347505,-0.08364039115558579,-0.0969953731891917,-0.17053833877115432,-0.06688175365862088,-0.034493590236834334,-0.5217700554292573,0.043863187090601635,0.4242542481254032,-1.1809334541829313,-0.3317985668040562,-1.3753941617966081,1.1312753630539045,-1.4171655723891785,-0.2106969915486166,0.6428314679323406,-0.9512340818456188,-0.8556200227417614,-0.10815201130450994,-0.11271521612222805,0.07529806590472743,-0.023707206505612106,1.2379944005443462,-0.9407597554316083,-0.27461704811737303,-0.1286275002141282,-0.48509357837712996,-0.15950364450694718,-0.06742133570202394,-0.07085961560945175,0.6532144173476302,1.7484687178050562,-0.404888165089458,0.6222279726984862,0.33181511869956526,0.0,0.0,0.0,0.043863187090601635,0.5665070454620487,-0.24433888871261047,0.8069465847859291,-0.7716901048850686,-0.26368468070743073,0.08336888341111916,-0.021412707873275767,9.0
Kuldeep Yadav,Bowler,Indian,2021,7.1,-0.7716901048850686,Unknown,Unknown,Unknown,-0.07511187811413393,-0.055048405557134375,-0.08106764210815916,-0.3019598097012108,0.0,-0.07085961560945131,0.008013230400347505,-0.08364039115558579,-0.0969953731891917,-0.17053833877115432,-0.06688175365862088,-0.034493590236834334,-0.5217700554292573,0.043863187090601635,0.9820700188088037,-1.0225823224982553,-0.3317985668040562,-0.41395884145045,2.4991513006972945,-0.5819114641578582,1.1648879647687886,0.6428314679323406,-0.9512340818456188,-0.8556200227417614,-0.10815201130450994,-0.11271521612222805,0.07529806590472743,-0.023707206505612106,1.2379944005443462,-0.3509677674789003,-0.27461704811737303,-0.1286275002141282,-0.48509357837712996,-0.15950364450694718,-0.06742133570202394,-0.07085961560945175,0.6532144173476302,1.7484687178050562,2.4698178070456938,0.8425131188545195,0.33181511869956526,0.0,0.0,0.0,0.043863187090601635,0.5665070454620487,-0.24433888871261047,0.8069465847859291,-0.7716901048850686,0.18199926634414937,-0.7646812602711269,0.3925727529861693,7.1
Kuldeep Yadav,Bowler,Indian,2022,5.37,-0.7716901048850686,Unknown,Unknown,Unknown,-0.07511187811413393,-0.055048405557134375,-0.08106764210815916,-0.3019598097012108,0.0,-0.07085961560945131,0.008013230400347505,-0.08364039115558579,-0.0969953731891917,-0.17053833877115432,-0.06688175365862088,-0.034493590236834334,-0.5217700554292573,0.043863187090601635,0.7031621334671034,-0.3035124294383326,-0.7739475578530071,-0.8754477952166057,-1.3234061140869742,-0.6080131550400864,0.477095486610086,0.6428314679323406,-0.9512340818456188,-0.8556200227417614,-0.10815201130450994,-0.11271521612222805,0.07529806590472743,-0.023707206505612106,1.2379944005443462,0.2388242204738077,-0.27461704811737303,-0.1286275002141282,-0.48509357837712996,-0.15950364450694718,-0.06742133570202394,-0.07085961560945175,0.6532144173476302,1.7484687178050562,-0.404888165089458,0.7323705457765028,0.7745678611853605,0.0,0.0,0.0,0.043863187090601635,0.5665070454620487,-0.24433888871261047,0.8069465847859291,-0.7716901048850686,-0.2567569509605151,-0.7270393478883639,-0.014248997651501148,5.37
Kuldeep Yadav,Bowler,Indian,2023,8.89,-0.7716901048850686,Unknown,Unknown,Unknown,-0.07511187811413393,-0.055048405557134375,-0.08106764210815916,-0.3019598097012108,0.0,-0.07085961560945131,0.008013230400347505,-0.08364039115558579,-0.0969953731891917,-0.17053833877115432,-0.06688175365862088,-0.034493590236834334,-0.5217700554292573,0.043863187090601635,0.4242542481254032,-1.1264191301603386,0.1280363838868523,-0.14475695175352593,0.044469823556415676,1.375715352009297,-0.2106969915486166,0.6428314679323406,-0.9512340818456188,-0.8556200227417614,-0.10815201130450994,-0.11271521612222805,0.07529806590472743,-0.023707206505612106,1.2379944005443462,0.8286162084265156,-0.27461704811737303,-0.1286275002141282,-0.48509357837712996,-0.15950364450694718,-0.06742133570202394,-0.07085961560945175,0.6532144173476302,-0.5719290198427753,-0.404888165089458,0.6222279726984862,-0.1286477334856614,0.0,0.0,0.0,0.043863187090601635,0.5665070454620487,-0.24433888871261047,0.8069465847859291,-0.7716901048850686,-0.6562560330326568,0.4354314756969604,-0.47810806934349176,8.89
Kuldeep Yadav,Bowler,Indian,2024,6.06,-0.7716901048850686,Unknown,Unknown,Unknown,-0.07511187811413393,-0.055048405557134375,-0.08106764210815916,-0.3019598097012108,0.0,-0.07085961560945131,0.008013230400347505,-0.08364039115558579,-0.0969953731891917,-0.17053833877115432,-0.06688175365862088,-0.034493590236834334,-0.5217700554292573,0.043863187090601635,1.260977904150504,-0.8512515898558188,-0.03113725289076977,-0.6062459055196816,-1.6044765122328761,-0.7124199185690014,-0.2106969915486166,0.6428314679323406,-0.9512340818456188,-0.8556200227417614,-0.10815201130450994,-0.11271521612222805,0.07529806590472743,-0.023707206505612106,1.2379944005443462,1.4184081963792237,-0.27461704811737303,-0.1286275002141282,-0.48509357837712996,-0.15950364450694718,-0.06742133570202394,-0.07085961560945175,0.6532144173476302,1.7484687178050562,-0.404888165089458,0.9526556919325362,0.030743253809224626,0.0,0.0,0.0,0.043863187090601635,0.5665070454620487,-0.24433888871261047,0.8069465847859291,-0.7716901048850686,0.15659759060545841,-0.9706046633062415,0.3712182923498606,6.06
T Natarajan,Bowler,Indian,2020,5.32,-0.7716901048850686,Unknown,Unknown,Unknown,-0.07511187811413393,-0.055048405557134375,-0.08106764210815916,-0.3019598097012108,0.0,-0.07085961560945131,0.008013230400347505,-0.08364039115558579,-0.0969953731891917,-0.17053833877115432,-0.06688175365862088,-0.034493590236834334,-0.5217700554292573,0.043863187090601635,1.8187936748339046,0.05212863680430094,0.8708466888490896,-0.10629953893967904,1.3561316815706255,1.4018170428915253,0.477095486610086,-0.3849093231734079,0.6981056861713296,0.2686145046246304,-0.10815201130450994,-0.11271521612222805,0.07529806590472743,-0.023707206505612106,1.2379944005443462,-0.9407597554316083,-0.27461704811737303,-0.1286275002141282,-0.48509357837712996,-0.15950364450694718,-0.06742133570202394,-0.07085961560945175,-0.394182685525878,-0.5719290198427753,-0.404888165089458,0.44599985577365914,-0.8724723408617971,0.0,0.0,0.0,0.043863187090601635,0.5665070454620487,-0.24433888871261047,0.8069465847859291,-0.7716901048850686,-0.6678022492775164,0.8339929009262144,-0.49332184145019337,5.32
T Natarajan,Bowler,Indian,2021,3.61,-0.7716901048850686,Unknown,Unknown,Unknown,-0.07511187811413393,-0.055048405557134375,-0.08106764210815916,-0.3019598097012108,0.0,-0.07085961560945131,0.008013230400347505,-0.08364039115558579,-0.0969953731891917,-0.17053833877115432,-0.06688175365862088,-0.034493590236834334,-0.5217700554292573,0.043863187090601635,2.6555173308590057,-0.11920209583813558,1.4544833570337048,0.27827458919878423,0.9438950976233033,-0.3339454007766859,3.916057877403599,-0.3849093231734079,0.6981056861713296,0.2686145046246304,-0.10815201130450994,-0.11271521612222805,0.07529806590472743,-0.023707206505612106,1.2379944005443462,-0.3509677674789003,-0.27461704811737303,-0.1286275002141282,-0.48509357837712996,-0.15950364450694718,-0.06742133570202394,-0.07085961560945175,-0.394182685525878,1.7484687178050562,2.4698178070456938,0.7764275750077091,-1.456905960943047,0.0,0.0,0.0,0.043863187090601635,0.5665070454620487,-0.24433888871261047,0.8069465847859291,-0.7716901048850686,-0.6678022492775164,-0.722610887608039,-0.49332184145019337,3.61
T Natarajan,Bowler,Indian,2022,5.38,-0.7716901048850686,Unknown,Unknown,Unknown,-0.07511187811413393,-0.055048405557134375,-0.08106764210815916,-0.3019598097012108,0.0,-0.07085961560945131,0.008013230400347505,-0.08364039115558579,-0.0969953731891917,-0.17053833877115432,-0.06688175365862088,-0.034493590236834334,-0.5217700554292573,0.043863187090601635,1.260977904150504,0.9944476663377013,1.6490289130952422,0.31673200201262974,-1.3983582202592144,2.0804610058294717,1.1648879647687886,-0.3849093231734079,0.6981056861713296,0.2686145046246304,-0.10815201130450994,-0.11271521612222805,0.07529806590472743,-0.023707206505612106,1.2379944005443462,0.2388242204738077,-0.27461704811737303,-0.1286275002141282,-0.48509357837712996,-0.15950364450694718,-0.06742133570202394,-0.07085961560945175,-0.394182685525878,-0.5719290198427753,2.4698178070456938,0.22571470961762577,-1.6517171676367959,0.0,0.0,0.0,0.043863187090601635,0.5665070454620487,-0.24433888871261047,0.8069465847859291,-0.7716901048850686,-1.0626828448517145,0.04794120116851886,-1.1024150249099411,5.38
T Natarajan,Bowler,Indian,2023,6.08,-0.7716901048850686,Unknown,Unknown,Unknown,-0.07511187811413393,-0.055048405557134375,-0.08106764210815916,-0.3019598097012108,0.0,-0.07085961560945131,0.008013230400347505,-0.08364039115558579,-0.0969953731891917,-0.17053833877115432,-0.06688175365862088,-0.034493590236834334,-0.5217700554292573,0.043863187090601635,1.5398857894922044,-0.5085901245709458,0.4463836574420964,-0.7985329695889133,-1.3983582202592144,1.4931729609793263,2.540472921086194,-0.3849093231734079,0.6981056861713296,0.2686145046246304,-0.10815201130450994,-0.11271521612222805,0.07529806590472743,-0.023707206505612106,1.2379944005443462,0.8286162084265156,-0.27461704811737303,-0.1286275002141282,-0.48509357837712996,-0.15950364450694718,-0.06742133570202394,-0.07085961560945175,-0.394182685525878,-0.5719290198427753,2.4698178070456938,0.33585728269564247,-0.4474297080754334,0.0,0.0,0.0,0.043863187090601635,0.5665070454620487,-0.24433888871261047,0.8069465847859291,-0.7716901048850686,-0.6539467897836849,-0.188981423828871,-0.4750796488171951,6.08
T Natarajan,Bowler,Indian,2024,4.33,-0.7716901048850686,Unknown,Unknown,Unknown,-0.07511187811413393,-0.055048405557134375,-0.08106764210815916,-0.3019598097012108,0.0,-0.07085961560945131,0.008013230400347505,-0.08364039115558579,-0.0969953731891917,-0.17053833877115432,-0.06688175365862088,-0.034493590236834334,-0.5217700554292573,0.043863187090601635,2.6555173308590057,0.19230832714811238,1.3129956798980404,-0.9908200336581449,2.4991513006972945,0.9319866070114087,3.916057877403599,-0.3849093231734079,0.6981056861713296,0.2686145046246304,-0.10815201130450994,-0.11271521612222805,0.07529806590472743,-0.023707206505612106,1.2379944005443462,1.4184081963792237,-0.27461704811737303,-0.1286275002141282,-0.48509357837712996,-0.15950364450694718,-0.06742133570202394,-0.07085961560945175,-0.394182685525878,-0.5719290198427753,2.4698178070456938,0.7764275750077091,-1.3152250833475925,0.0,0.0,0.0,0.043863187090601635,0.5665070454620487,-0.24433888871261047,0.8069465847859291,-0.7716901048850686,-0.49229976235565065,-0.7314678081686891,-0.27409112976300315,4.33
Mohit Sharma,Bowler,Indian,2019,5.13,-0.7716901048850686,Unknown,Unknown,Unknown,-0.07511187811413393,-0.055048405557134375,-0.08106764210815916,-0.3019598097012108,0.0,-0.07085961560945131,0.008013230400347505,-0.08364039115558579,-0.0969953731891917,-0.17053833877115432,-0.06688175365862088,-0.034493590236834334,-0.5217700554292573,0.043863187090601635,-0.691377293241398,-0.5631044485935394,1.2599378009721676,0.35518941482647665,2.592841433412595,0.9972408342169792,-0.8984894697073191,-0.04232905947149176,0.9256008265874626,0.4415736626809976,-0.10815201130450994,-0.11271521612222805,0.07529806590472743,-0.023707206505612106,1.2379944005443462,-1.530551743384316,-0.27461704811737303,-0.1286275002141282,-0.48509357837712996,-0.15950364450694718,-0.06742133570202394,-0.07085961560945175,-0.0587693615670301,-0.5719290198427753,-0.404888165089458,-0.30296964115685443,-1.2620947542492982,0.0,0.0,0.0,0.043863187090601635,0.5665070454620487,-0.24433888871261047,0.8069465847859291,-0.7716901048850686,-0.7116778710079829,0.7919225282631264,-0.5522529004384141,5.13
Mohit Sharma,Bowler,Indian,2020,4.8,-0.7716901048850686,Unknown,Unknown,Unknown,-0.07511187811413393,-0.055048405557134375,-0.08106764210815916,-0.3019598097012108,0.0,-0.07085961560945131,0.008013230400347505,-0.08364039115558579,-0.0969953731891917,-0.17053833877115432,-0.06688175365862088,-0.034493590236834334,-0.5217700554292573,0.043863187090601635,-0.41246940789969766,0.30393289538485124,-0.17262493002643417,0.5859338917095538,-0.12417241533112533,0.5796137801013214,-0.2106969915486166,-0.04232905947149176,0.9256008265874626,0.4415736626809976,-0.10815201130450994,-0.11271521612222805,0.07529806590472743,-0.023707206505612106,1.2379944005443462,-0.9407597554316083,-0.27461704811737303,-0.1286275002141282,-0.48509357837712996,-0.15950364450694718,-0.06742133570202394,-0.07085961560945175,-0.0587693615670301,-0.5719290198427753,-0.404888165089458,-0.1928270680788378,0.17242413140467922,0.0,0.0,0.0,0.043863187090601635,0.5665070454620487,-0.24433888871261047,0.8069465847859291,-0.7716901048850686,-0.7116778710079829,-0.41704712826561086,-0.5522529004384141,4.8
Mohit Sharma,Bowler,Indian,2021,4.84,-0.7716901048850686,Unknown,Unknown,Unknown,-0.07511187811413393,-0.055048405557134375,-0.08106764210815916,-0.3019598097012108,0.0,-0.07085961560945131,0.008013230400347505,-0.08364039115558579,-0.0969953731891917,-0.17053833877115432,-0.06688175365862088,-0.034493590236834334,-0.5217700554292573,0.043863187090601635,-0.41246940789969766,1.5733378690538116,1.6490289130952422,-0.33704401582275756,-1.1922399282855525,0.5796137801013214,-0.2106969915486166,-0.04232905947149176,0.9256008265874626,0.4415736626809976,-0.10815201130450994,-0.11271521612222805,0.07529806590472743,-0.023707206505612106,1.2379944005443462,-0.3509677674789003,-0.27461704811737303,-0.1286275002141282,-0.48509357837712996,-0.15950364450694718,-0.06742133570202394,-0.07085961560945175,-0.0587693615670301,-0.5719290198427753,-0.404888165089458,-0.1928270680788378,-1.6517171676367959,0.0,0.0,0.0,0.043863187090601635,0.5665070454620487,-0.24433888871261047,0.8069465847859291,-0.7716901048850686,-0.7878828982240562,-0.3351206130795975,-0.6590871679504139,4.84
Mohit Sharma,Bowler,Indian,2022,4.96,-0.7716901048850686,Unknown,Unknown,Unknown,-0.07511187811413393,-0.055048405557134375,-0.08106764210815916,-0.3019598097012108,0.0,-0.07085961560945131,0.008013230400347505,-0.08364039115558579,-0.0969953731891917,-0.17053833877115432,-0.06688175365862088,-0.034493590236834334,-0.5217700554292573,0.043863187090601635,-0.41246940789969766,-0.44628803997369654,2.0558059848602777,0.432104240454169,-0.5364089992784477,3.189782868324195,0.477095486610086,-0.04232905947149176,0.9256008265874626,0.4415736626809976,-0.10815201130450994,-0.11271521612222805,0.07529806590472743,-0.023707206505612106,1.2379944005443462,0.2388242204738077,-0.27461704811737303,-0.1286275002141282,-0.48509357837712996,-0.15950364450694718,-0.06742133570202394,-0.07085961560945175,-0.0587693615670301,-0.5719290198427753,-0.404888165089458,-0.1928270680788378,-2.0590496907237283,0.0,0.0,0.0,0.043863187090601635,0.5665070454620487,-0.24433888871261047,0.8069465847859291,-0.7716901048850686,-0.7786459252281686,-0.3174067719582973,-0.6458182656186844,4.96
Mohit Sharma,Bowler,Indian,2023,5.23,-0.7716901048850686,Unknown,Unknown,Unknown,-0.07511187811413393,-0.055048405557134375,-0.08106764210815916,-0.3019598097012108,0.0,-0.07085961560945131,0.008013230400347505,-0.08364039115558579,-0.0969953731891917,-0.17053833877115432,-0.06688175365862088,-0.034493590236834334,-0.5217700554292573,0.043863187090601635,-0.41246940789969766,-0.5475289274442273,1.1538220431204185,0.31673200201262974,0.4379683809606789,0.3446985621612607,-0.2106969915486166,-0.04232905947149176,0.9256008265874626,0.4415736626809976,-0.10815201130450994,-0.11271521612222805,0.07529806590472743,-0.023707206505612106,1.2379944005443462,0.8286162084265156,-0.27461704811737303,-0.1286275002141282,-0.48509357837712996,-0.15950364450694718,-0.06742133570202394,-0.07085961560945175,-0.0587693615670301,-0.5719290198427753,-0.404888165089458,-0.1928270680788378,-1.1558340960527065,0.0,0.0,0.0,0.043863187090601635,0.5665070454620487,-0.24433888871261047,0.8069465847859291,-0.7716901048850686,-0.7509350062405055,-0.2841933198558594,-0.6065501114287561,5.23
Mohit Sharma,Bowler,Indian,2024,6.14,-0.7716901048850686,Unknown,Unknown,Unknown,-0.07511187811413393,-0.055048405557134375,-0.08106764210815916,-0.3019598097012108,0.0,-0.07085961560945131,0.008013230400347505,-0.08364039115558579,-0.0969953731891917,-0.17053833877115432,-0.06688175365862088,-0.034493590236834334,-0.5217700554292573,0.043863187090601635,-0.41246940789969766,0.013189833931019364,0.5524994152938455,0.4705616532680159,-0.04922030915888503,-0.8037758366568024,-0.8984894697073191,-0.04232905947149176,0.9256008265874626,0.4415736626809976,-0.10815201130450994,-0.11271521612222805,0.07529806590472743,-0.023707206505612106,1.2379944005443462,1.4184081963792237,-0.27461704811737303,-0.1286275002141282,-0.48509357837712996,-0.15950364450694718,-0.06742133570202394,-0.07085961560945175,-0.0587693615670301,1.7484687178050562,-0.404888165089458,-0.1928270680788378,-0.5536903662720252,0.0,0.0,0.0,0.043863187090601635,0.5665070454620487,-0.24433888871261047,0.8069465847859291,-0.7716901048850686,-0.6885854385182636,-0.14248259088545823,-0.5210124503393943,6.14
Matthew Wade,WK-Batter,Overseas,2019,2.02,1.295856968580587,WK-Batter,Overseas,GT,-1.0524949495454665,-1.3123930557849235,-0.02634354278353533,-1.1681879506622597,0.0,-0.5728220626931836,1.265249854611449,-1.2297415642820928,-1.6238044548770323,-0.08749471257586457,-1.2755890975980622,-1.1405138707340365,-0.5217700554292573,-1.3101743274453581,-0.1335615225579974,-0.11011637516770331,0.04844956549804126,-0.10629953893967904,-0.05858932243041457,0.0706308078978602,-0.2106969915486166,-0.04232905947149176,0.20519954860304615,-0.13495686417356192,-0.10815201130450994,-0.11271521612222805,0.07529806590472743,-0.023707206505612106,-1.0618611007121987,-1.530551743384316,-0.20585406881665577,-0.4877506451512075,-0.8084892972952167,-1.4655398740058143,-0.30053993673176554,-0.5728220626931844,-0.04674513848888246,-0.5719290198427753,-0.404888165089458,-0.0826844950008211,-0.048952239838218385,0.0,0.0,0.0,-1.3101743274453581,-1.7652031126716006,-0.24433888871261047,0.8069465847859291,1.295856968580587,-1.4298525214382494,0.10329695467258192,-1.9190103691814981,2.02
Matthew Wade,WK-Batter,Overseas,2020,1.4,1.295856968580587,WK-Batter,Overseas,GT,-1.3860463151926674,-2.0637517376786203,0.11437556976550053,-1.1681879506622597,0.0,-0.7705648448776843,-1.042336354383611,-0.7676039944730175,-1.6238044548770323,-0.08749471257586457,-1.2755890975980622,-1.1405138707340365,-0.5217700554292573,-1.3101743274453581,-0.1335615225579974,-0.11011637516770331,0.04844956549804126,-0.10629953893967904,-0.05858932243041457,0.0706308078978602,-0.2106969915486166,-0.04232905947149176,0.20519954860304615,-0.13495686417356192,-0.10815201130450994,-0.11271521612222805,0.07529806590472743,-0.023707206505612106,-1.0618611007121987,-0.9407597554316083,-0.4333008465036438,-0.6701138875447867,-0.8084892972952167,-1.4655398740058143,-1.2904956397347767,-0.7705648448776843,-0.04674513848888246,-0.5719290198427753,-0.404888165089458,-0.0826844950008211,-0.048952239838218385,0.0,0.0,0.0,-1.3101743274453581,-1.7652031126716006,-0.24433888871261047,0.8069465847859291,1.295856968580587,-1.4298525214382494,-0.481259802330324,-1.9190103691814981,1.4
Matthew Wade,WK-Batter,Overseas,2021,1.43,1.295856968580587,WK-Batter,Overseas,GT,-1.2153921281173552,-1.673593882577634,0.028380556541090715,-1.1681879506622597,0.0,-1.835333672024995,-0.23070258432327942,0.4709246926153046,-1.6238044548770323,-0.08749471257586457,-1.2755890975980622,-1.1405138707340365,-0.5217700554292573,-1.3101743274453581,-0.1335615225579974,-0.11011637516770331,0.04844956549804126,-0.10629953893967904,-0.05858932243041457,0.0706308078978602,-0.2106969915486166,-0.04232905947149176,0.20519954860304615,-0.13495686417356192,-0.10815201130450994,-0.11271521612222805,0.07529806590472743,-0.023707206505612106,-1.0618611007121987,-0.3509677674789003,-0.3169327276870453,-0.5817339362730367,-0.8084892972952167,-1.4655398740058143,0.26788624112157705,-1.8353336720249955,-0.04674513848888246,-0.5719290198427753,-0.404888165089458,-0.0826844950008211,-0.048952239838218385,0.0,0.0,0.0,-1.3101743274453581,-1.7652031126716006,-0.24433888871261047,0.8069465847859291,1.295856968580587,-1.5730256028745082,-0.33733484321976004,-2.3626433283905643,1.43
Matthew Wade,WK-Batter,Overseas,2022,1.94,1.295856968580587,WK-Batter,Overseas,GT,-1.2619341791378949,-1.4907073879990467,0.2707301392644283,-1.1681879506622597,0.0,-0.19254748156914409,0.05575639334507244,0.3784971786534896,-1.6238044548770323,-0.08749471257586457,-1.2755890975980622,-1.1405138707340365,-0.5217700554292573,-1.3101743274453581,-0.1335615225579974,-0.11011637516770331,0.04844956549804126,-0.10629953893967904,-0.05858932243041457,0.0706308078978602,-0.2106969915486166,-0.04232905947149176,0.20519954860304615,-0.13495686417356192,-0.10815201130450994,-0.11271521612222805,0.07529806590472743,-0.023707206505612106,-1.0618611007121987,0.2388242204738077,-0.3486694873642994,-0.4021723638044999,-0.8084892972952167,-1.4655398740058143,0.3604950004347629,-0.1925474815691445,-0.04674513848888246,-0.5719290198427753,-0.404888165089458,-0.0826844950008211,-0.048952239838218385,0.0,0.0,0.0,-1.3101743274453581,-1.7652031126716006,-0.24433888871261047,0.8069465847859291,1.295856968580587,-1.5660978731275925,-0.23105179649195898,-2.3386601915314142,1.94
Matthew Wade,WK-Batter,Overseas,2023,1.32,1.295856968580587,WK-Batter,Overseas,GT,-0.8197846944427682,-1.760464967502463,0.2707301392644283,-1.1681879506622597,0.0,-0.48155616322341394,1.8540821975963948,0.04575812839095518,-1.6238044548770323,-0.08749471257586457,-1.2755890975980622,-1.1405138707340365,-0.5217700554292573,-1.3101743274453581,-0.1335615225579974,-0.11011637516770331,0.04844956549804126,-0.10629953893967904,-0.05858932243041457,0.0706308078978602,-0.2106969915486166,-0.04232905947149176,0.20519954860304615,-0.13495686417356192,-0.10815201130450994,-0.11271521612222805,0.07529806590472743,-0.023707206505612106,-1.0618611007121987,0.8286162084265156,-0.047170270430385006,-0.4923351959376386,-0.8084892972952167,-1.4655398740058143,1.1556529683307288,-0.481556163223414,-0.04674513848888246,-0.5719290198427753,-0.404888165089458,-0.0826844950008211,-0.048952239838218385,0.0,0.0,0.0,-1.3101743274453581,-1.7652031126716006,-0.24433888871261047,0.8069465847859291,1.295856968580587,-1.448326467430025,-0.4812598023303239,-1.970842145019613,1.32
Matthew Wade,WK-Batter,Overseas,2024,2.18,1.295856968580587,WK-Batter,Overseas,GT,-0.9981958900215037,-1.3642108959155232,0.34890742401389213,-1.1681879506622597,0.0,1.1460190439874747,-1.1537370679213041,-0.9524590223966476,-1.6238044548770323,-0.08749471257586457,-1.2755890975980622,-1.1405138707340365,-0.5217700554292573,-1.3101743274453581,-0.1335615225579974,-0.11011637516770331,0.04844956549804126,-0.10629953893967904,-0.05858932243041457,0.0706308078978602,-0.2106969915486166,-0.04232905947149176,0.20519954860304615,-0.13495686417356192,-0.10815201130450994,-0.11271521612222805,0.07529806590472743,-0.023707206505612106,-1.0618611007121987,1.4184081963792237,-0.16882784919319255,-0.32168802777604677,-0.8084892972952167,-1.4655398740058143,-1.5172274297774022,1.1460190439874742,-0.04674513848888246,-0.5719290198427753,-0.404888165089458,-0.0826844950008211,-0.048952239838218385,0.0,0.0,0.0,-1.3101743274453581,-1.7652031126716006,-0.24433888871261047,0.8069465847859291,1.295856968580587,-1.5914995488662835,-0.15355374158627066,-2.4280942637619574,2.18
